game_id,season,week,date,home,away,neutral,qb_flag,model_margin,market_margin,fair_margin,model_total,market_total,fair_total,p_home_ml,spread_side,spread_line,spread_odds,spread_p,spread_edge_pts,spread_ev,spread_stake,total_side,total_odds,total_p,total_edge_pts,total_ev,total_stake,ml_side,ml_odds,ml_p,ml_fair_p,ml_ev,ml_stake,spread_pick,total_pick,published_utc
2026_01_NE_SEA,2026,1,2026-09-09,SEA,NE,0,False,4.247989300397924,3.5,3.724396790119377,43.65566795238179,44.5,44.24670038571454,0.6094708138392627,home,-3.5,-105.0,0.5066803868111249,0.22439679011937708,-0.010766863844946573,0.0,under,-115.0,0.5098098777709208,0.25329961428546,-0.046877185036974245,0.0,away,154.0,0.3905291861607373,0.3696059660983875,-0.008055867151727236,0.0,SEA -3.5,UNDER 44.5,2026-09-05 01:56
2026_01_SF_LA,2026,1,2026-09-10,LA,SF,1,False,3.036971954053649,3.5,3.3610915862160944,51.345563647602496,48.5,49.35366909428075,0.5990263494555443,away,3.5,-108.0,0.5041354811095472,0.13890841378390562,-0.029072406751983138,0.0,over,-105.0,0.5330267181329138,0.8536690942807468,0.04067121159283171,0.0,away,160.0,0.40097365054445566,0.3607163224832941,0.042531491415584766,0.0,SF +3.5,OVER 48.5,2026-09-05 01:56
2026_01_ARI_LAC,2026,1,2026-09-13,LAC,ARI,0,False,5.4289077121799565,10.5,8.978672313653988,44.3266712300188,46.5,45.848001369005644,0.7485870965262127,away,10.5,-110.0,0.5451955696821938,1.5213276863460123,0.04082790575691558,0.011227674083151784,under,-105.0,0.5252365257463105,0.6519986309943562,0.025461788361844317,0.0,away,425.0,0.2514129034737873,0.16158864765579564,0.3199177432373834,0.018818690778669614,ARI +10.5,UNDER 46.5,2026-09-05 01:56
2026_01_ATL_PIT,2026,1,2026-09-13,PIT,ATL,0,False,2.131939006422261,3.5,3.089581701926678,44.62110747685847,42.5,43.13633224305754,0.5911739297768641,away,3.5,-118.0,0.5122169862670533,0.410418298073322,-0.05370082198120674,0.0,over,-105.0,0.5246309167062406,0.636332243057538,0.02427940880742213,0.0,away,154.0,0.4088260702231359,0.3696059660983875,0.03841821836676518,0.0,ATL +3.5,OVER 42.5,2026-09-05 01:56
2026_01_BAL_IND,2026,1,2026-09-13,IND,BAL,0,False,0.7280585678401736,-3.5,-2.231582429647948,49.345248441360255,48.5,48.753574532408074,0.43386757653446584,home,3.5,-112.0,0.5377067713428094,1.2684175703520522,0.017802102898889227,0.0,over,-105.0,0.5098205227482921,0.2535745324080736,-0.004636122253334429,0.0,home,145.0,0.43386757653446584,0.38340675571030536,0.06297556250944136,0.0,IND +3.5,OVER 48.5,2026-09-05 01:56
2026_01_BUF_HOU,2026,1,2026-09-13,HOU,BUF,0,False,2.0725200108987254,-1.5,-0.42824399673038216,46.94892388220611,44.5,45.23467716466183,0.4872525702120071,home,1.5,-115.0,0.5318741309923016,1.0717560032696178,-0.005626624666566604,0.0,over,-110.0,0.5284315966739626,0.7346771646618322,0.008823957286655804,0.0,home,-102.0,0.4872525702120071,0.4814245062798449,-0.03504883154092714,0.0,HOU +1.5,OVER 44.5,2026-09-05 01:56
2026_01_CHI_CAR,2026,1,2026-09-13,CAR,CHI,0,False,-0.6080479577789115,-2.5,-1.9324143873336734,45.307206143197305,47.5,46.84216184295919,0.4426673109029614,home,2.5,-102.0,0.516893000621852,0.5675856126663266,0.023650844368765633,0.0,under,-110.0,0.5254622470326866,0.657838157040807,0.0031551988805835762,0.0,home,124.0,0.4426673109029614,0.4232491793282343,-0.008425223577366303,0.0,CAR +2.5,UNDER 47.5,2026-09-05 01:56
2026_01_CLE_JAX,2026,1,2026-09-13,JAX,CLE,0,False,7.78092798495176,7.5,7.584278395485528,43.20927647253093,40.5,41.31278294175928,0.7143000251926617,home,-7.5,-110.0,0.5025091040014509,0.08427839548552818,-0.0406644378154119,0.0,over,-110.0,0.5314482792713004,0.8127829417592807,0.014583078608846334,0.0,away,320.0,0.28569997480733833,0.21081808655900708,0.19993989419082103,0.015620304233657893,JAX -7.5,OVER 40.5,2026-09-05 01:56
2026_01_DAL_NYG,2026,1,2026-09-13,NYG,DAL,0,False,2.504270897268097,-2.5,-0.9987187308195707,52.40285035851609,48.5,49.67085510755483,0.4702938387712836,home,2.5,-105.0,0.5446025353555868,1.5012812691804291,0.06327161664662173,0.016608799369738206,over,-110.0,0.5452523847734219,1.1708551075548286,0.04093637093107816,0.0,home,124.0,0.4702938387712836,0.4232491793282343,0.05345819884767544,0.0,NYG +2.5,OVER 48.5,2026-09-05 01:56
2026_01_GB_MIN,2026,1,2026-09-13,MIN,GB,0,False,2.076884729291463,1.5,1.6730654187874388,41.31438781997719,45.5,44.244316345993155,0.5496810765420844,home,-1.5,-108.0,0.5051523278666489,0.17306541878743875,-0.02711403521978728,0.0,under,-110.0,0.5485152616740914,1.2556836540068446,0.04716549955962901,0.0,home,-122.0,0.5496810765420844,0.5278394447975964,0.00023933600280939826,0.0,MIN -1.5,UNDER 45.5,2026-09-05 01:56
2026_01_MIA_LV,2026,1,2026-09-13,LV,MIA,0,False,-0.4356270969322702,3.5,2.319311870920319,42.677290357493334,40.5,41.153187107248,0.5687068966935398,away,3.5,-110.0,0.5351057947970431,1.1806881290796811,0.021565608248900525,0.0,over,-110.0,0.5252824658165307,0.6531871072480016,0.0028119801951950185,0.0,away,164.0,0.4312931033064602,0.35413613914907094,0.13861379272905483,0.021130151330648606,MIA +3.5,OVER 40.5,2026-09-05 01:56
2026_01_NO_DET,2026,1,2026-09-13,DET,NO,0,False,4.011452496865473,7.0,6.103435749059641,45.89748313643264,49.5,48.419244940929794,0.6756181241928988,away,7.0,-110.0,0.5118047131434135,0.8965642509403589,0.006780111800279265,0.0,under,-105.0,0.5417834009007554,1.0807550590702064,0.057767592234808096,0.0,away,250.0,0.3243818758071012,0.2597861943682291,0.13533656532485427,0.013533656532485427,NO +7.0,UNDER 49.5,2026-09-05 01:56
2026_01_NYJ_TEN,2026,1,2026-09-13,TEN,NYJ,0,False,3.4376136931027386,1.5,2.0812841079308217,46.72239534004055,38.5,40.966718602012165,0.561715360901904,home,-1.5,-115.0,0.5173004550701148,0.5812841079308217,-0.03287306226022024,0.0,over,-115.0,0.5946361063104197,2.4667186020121648,0.11171098136295854,0.03,home,-130.0,0.561715360901904,0.5454027354444259,-0.006195899942785299,0.0,TEN -1.5,OVER 38.5,2026-09-05 01:56
2026_01_TB_CIN,2026,1,2026-09-13,CIN,TB,0,False,1.700841716020559,3.5,2.9602525148061676,48.78357454294114,50.5,49.985072362882335,0.587420444648339,away,3.5,-105.0,0.5160649164325471,0.5397474851938324,0.007555313034972977,0.0,under,100.0,0.5199360065611748,0.5149276371176654,0.03987201312234956,0.0,away,170.0,0.412579555351661,0.3459552489619146,0.11396479944948479,0.016759529330806586,TB +3.5,UNDER 50.5,2026-09-05 01:56
2026_01_WAS_PHI,2026,1,2026-09-13,PHI,WAS,0,False,5.168825626167143,5.5,5.400647687850142,43.265809862253136,44.5,44.12974295867594,0.6565381765970458,away,5.5,-115.0,0.5029578712557935,0.09935231214985762,-0.05968745808699483,0.0,under,-110.0,0.5143378041086212,0.37025704132405934,-0.01808237397445045,0.0,away,180.0,0.34346182340295417,0.3323299384494706,-0.038306894471728414,0.0,WAS +5.5,UNDER 44.5,2026-09-05 01:56
2026_01_DEN_KC,2026,1,2026-09-14,KC,DEN,0,False,-0.11234021897913271,3.0,2.06629793430626,40.40272107109435,42.5,41.870816321328306,0.561274506531211,away,3.0,-120.0,0.5129098423678535,0.93370206569374,-0.029972520277734505,0.0,under,-110.0,0.5243545586343707,0.6291836786716942,0.001040521029253283,0.0,away,124.0,0.438725493468789,0.4232491793282343,-0.017254894629912587,0.0,DEN +3.0,UNDER 42.5,2026-09-05 01:56
