event_id,commence,home,away,book,market,side,line,price,updated,pulled_at
71123be049587b6facce3a20c53e5d09,2026-09-27T17:02:37Z,PIT,CIN,draftkings,ml,away,,-186,2026-09-27T17:21:15Z,1790529681.817575
71123be049587b6facce3a20c53e5d09,2026-09-27T17:02:37Z,PIT,CIN,draftkings,ml,home,,140,2026-09-27T17:21:15Z,1790529681.817575
71123be049587b6facce3a20c53e5d09,2026-09-27T17:02:37Z,PIT,CIN,draftkings,spreads,away,-3.5,-107,2026-09-27T17:21:15Z,1790529681.817575
71123be049587b6facce3a20c53e5d09,2026-09-27T17:02:37Z,PIT,CIN,draftkings,spreads,home,3.5,-123,2026-09-27T17:21:15Z,1790529681.817575
71123be049587b6facce3a20c53e5d09,2026-09-27T17:02:37Z,PIT,CIN,draftkings,totals,over,50.5,-112,2026-09-27T17:21:15Z,1790529681.817575
71123be049587b6facce3a20c53e5d09,2026-09-27T17:02:37Z,PIT,CIN,draftkings,totals,under,50.5,-118,2026-09-27T17:21:15Z,1790529681.817575
71123be049587b6facce3a20c53e5d09,2026-09-27T17:02:37Z,PIT,CIN,fanduel,ml,away,,-174,2026-09-27T17:20:43Z,1790529681.817575
71123be049587b6facce3a20c53e5d09,2026-09-27T17:02:37Z,PIT,CIN,fanduel,ml,home,,136,2026-09-27T17:20:43Z,1790529681.817575
71123be049587b6facce3a20c53e5d09,2026-09-27T17:02:37Z,PIT,CIN,fanduel,spreads,away,-2.5,-125,2026-09-27T17:20:43Z,1790529681.817575
71123be049587b6facce3a20c53e5d09,2026-09-27T17:02:37Z,PIT,CIN,fanduel,spreads,home,2.5,-106,2026-09-27T17:20:43Z,1790529681.817575
71123be049587b6facce3a20c53e5d09,2026-09-27T17:02:37Z,PIT,CIN,fanduel,totals,over,49.5,-118,2026-09-27T17:20:43Z,1790529681.817575
71123be049587b6facce3a20c53e5d09,2026-09-27T17:02:37Z,PIT,CIN,fanduel,totals,under,49.5,-112,2026-09-27T17:20:43Z,1790529681.817575
71123be049587b6facce3a20c53e5d09,2026-09-27T17:02:37Z,PIT,CIN,betrivers,ml,away,,-180,2026-09-27T17:21:15Z,1790529681.817575
71123be049587b6facce3a20c53e5d09,2026-09-27T17:02:37Z,PIT,CIN,betrivers,ml,home,,135,2026-09-27T17:21:15Z,1790529681.817575
71123be049587b6facce3a20c53e5d09,2026-09-27T17:02:37Z,PIT,CIN,betrivers,spreads,away,-3.5,-108,2026-09-27T17:21:15Z,1790529681.817575
71123be049587b6facce3a20c53e5d09,2026-09-27T17:02:37Z,PIT,CIN,betrivers,spreads,home,3.5,-121,2026-09-27T17:21:15Z,1790529681.817575
71123be049587b6facce3a20c53e5d09,2026-09-27T17:02:37Z,PIT,CIN,betrivers,totals,over,50.5,-110,2026-09-27T17:21:15Z,1790529681.817575
71123be049587b6facce3a20c53e5d09,2026-09-27T17:02:37Z,PIT,CIN,betrivers,totals,under,50.5,-117,2026-09-27T17:21:15Z,1790529681.817575
71123be049587b6facce3a20c53e5d09,2026-09-27T17:02:37Z,PIT,CIN,betmgm,ml,away,,-165,2026-09-27T17:20:59Z,1790529681.817575
71123be049587b6facce3a20c53e5d09,2026-09-27T17:02:37Z,PIT,CIN,betmgm,ml,home,,130,2026-09-27T17:20:59Z,1790529681.817575
71123be049587b6facce3a20c53e5d09,2026-09-27T17:02:37Z,PIT,CIN,betmgm,spreads,away,-3.5,110,2026-09-27T17:20:59Z,1790529681.817575
71123be049587b6facce3a20c53e5d09,2026-09-27T17:02:37Z,PIT,CIN,betmgm,spreads,home,3.5,-130,2026-09-27T17:20:59Z,1790529681.817575
71123be049587b6facce3a20c53e5d09,2026-09-27T17:02:37Z,PIT,CIN,betmgm,totals,over,50.5,-118,2026-09-27T17:20:59Z,1790529681.817575
71123be049587b6facce3a20c53e5d09,2026-09-27T17:02:37Z,PIT,CIN,betmgm,totals,under,50.5,100,2026-09-27T17:20:59Z,1790529681.817575
71123be049587b6facce3a20c53e5d09,2026-09-27T17:02:37Z,PIT,CIN,espnbet,ml,away,,-180,2026-09-27T17:21:17Z,1790529681.817575
71123be049587b6facce3a20c53e5d09,2026-09-27T17:02:37Z,PIT,CIN,espnbet,ml,home,,140,2026-09-27T17:21:17Z,1790529681.817575
71123be049587b6facce3a20c53e5d09,2026-09-27T17:02:37Z,PIT,CIN,espnbet,spreads,away,-3.0,-120,2026-09-27T17:21:17Z,1790529681.817575
71123be049587b6facce3a20c53e5d09,2026-09-27T17:02:37Z,PIT,CIN,espnbet,spreads,home,3.0,-110,2026-09-27T17:21:17Z,1790529681.817575
71123be049587b6facce3a20c53e5d09,2026-09-27T17:02:37Z,PIT,CIN,espnbet,totals,over,50.5,-115,2026-09-27T17:21:17Z,1790529681.817575
71123be049587b6facce3a20c53e5d09,2026-09-27T17:02:37Z,PIT,CIN,espnbet,totals,under,50.5,-115,2026-09-27T17:21:17Z,1790529681.817575
71123be049587b6facce3a20c53e5d09,2026-09-27T17:02:37Z,PIT,CIN,bovada,ml,away,,-170,2026-09-27T17:21:20Z,1790529681.817575
71123be049587b6facce3a20c53e5d09,2026-09-27T17:02:37Z,PIT,CIN,bovada,ml,home,,130,2026-09-27T17:21:20Z,1790529681.817575
71123be049587b6facce3a20c53e5d09,2026-09-27T17:02:37Z,PIT,CIN,bovada,spreads,away,-3.0,-105,2026-09-27T17:21:20Z,1790529681.817575
71123be049587b6facce3a20c53e5d09,2026-09-27T17:02:37Z,PIT,CIN,bovada,spreads,home,3.0,-125,2026-09-27T17:21:20Z,1790529681.817575
71123be049587b6facce3a20c53e5d09,2026-09-27T17:02:37Z,PIT,CIN,bovada,totals,over,50.5,-115,2026-09-27T17:21:20Z,1790529681.817575
71123be049587b6facce3a20c53e5d09,2026-09-27T17:02:37Z,PIT,CIN,bovada,totals,under,50.5,-115,2026-09-27T17:21:20Z,1790529681.817575
0339a0e41bcee12820eb3e64bb5fadb4,2026-09-27T17:02:38Z,MIA,KC,draftkings,ml,away,,-830,2026-09-27T17:21:15Z,1790529681.817575
0339a0e41bcee12820eb3e64bb5fadb4,2026-09-27T17:02:38Z,MIA,KC,draftkings,ml,home,,548,2026-09-27T17:21:15Z,1790529681.817575
0339a0e41bcee12820eb3e64bb5fadb4,2026-09-27T17:02:38Z,MIA,KC,draftkings,spreads,away,-13.5,-116,2026-09-27T17:21:15Z,1790529681.817575
0339a0e41bcee12820eb3e64bb5fadb4,2026-09-27T17:02:38Z,MIA,KC,draftkings,spreads,home,13.5,-113,2026-09-27T17:21:15Z,1790529681.817575
0339a0e41bcee12820eb3e64bb5fadb4,2026-09-27T17:02:38Z,MIA,KC,draftkings,totals,over,48.5,-112,2026-09-27T17:21:15Z,1790529681.817575
0339a0e41bcee12820eb3e64bb5fadb4,2026-09-27T17:02:38Z,MIA,KC,draftkings,totals,under,48.5,-118,2026-09-27T17:21:15Z,1790529681.817575
0339a0e41bcee12820eb3e64bb5fadb4,2026-09-27T17:02:38Z,MIA,KC,fanduel,ml,away,,-1100,2026-09-27T17:21:17Z,1790529681.817575
0339a0e41bcee12820eb3e64bb5fadb4,2026-09-27T17:02:38Z,MIA,KC,fanduel,ml,home,,600,2026-09-27T17:21:17Z,1790529681.817575
0339a0e41bcee12820eb3e64bb5fadb4,2026-09-27T17:02:38Z,MIA,KC,fanduel,spreads,away,-11.5,-125,2026-09-27T17:21:17Z,1790529681.817575
0339a0e41bcee12820eb3e64bb5fadb4,2026-09-27T17:02:38Z,MIA,KC,fanduel,spreads,home,11.5,-106,2026-09-27T17:21:17Z,1790529681.817575
0339a0e41bcee12820eb3e64bb5fadb4,2026-09-27T17:02:38Z,MIA,KC,fanduel,totals,over,48.5,-106,2026-09-27T17:21:17Z,1790529681.817575
0339a0e41bcee12820eb3e64bb5fadb4,2026-09-27T17:02:38Z,MIA,KC,fanduel,totals,under,48.5,-122,2026-09-27T17:21:17Z,1790529681.817575
0339a0e41bcee12820eb3e64bb5fadb4,2026-09-27T17:02:38Z,MIA,KC,betrivers,ml,away,,-1000,2026-09-27T17:21:15Z,1790529681.817575
0339a0e41bcee12820eb3e64bb5fadb4,2026-09-27T17:02:38Z,MIA,KC,betrivers,ml,home,,550,2026-09-27T17:21:15Z,1790529681.817575
0339a0e41bcee12820eb3e64bb5fadb4,2026-09-27T17:02:38Z,MIA,KC,betrivers,spreads,away,-13.0,-113,2026-09-27T17:21:15Z,1790529681.817575
0339a0e41bcee12820eb3e64bb5fadb4,2026-09-27T17:02:38Z,MIA,KC,betrivers,spreads,home,13.0,-115,2026-09-27T17:21:15Z,1790529681.817575
0339a0e41bcee12820eb3e64bb5fadb4,2026-09-27T17:02:38Z,MIA,KC,betrivers,totals,over,48.5,-110,2026-09-27T17:21:15Z,1790529681.817575
0339a0e41bcee12820eb3e64bb5fadb4,2026-09-27T17:02:38Z,MIA,KC,betrivers,totals,under,48.5,-118,2026-09-27T17:21:15Z,1790529681.817575
0339a0e41bcee12820eb3e64bb5fadb4,2026-09-27T17:02:38Z,MIA,KC,betmgm,ml,away,,-1200,2026-09-27T17:20:59Z,1790529681.817575
0339a0e41bcee12820eb3e64bb5fadb4,2026-09-27T17:02:38Z,MIA,KC,betmgm,ml,home,,750,2026-09-27T17:20:59Z,1790529681.817575
0339a0e41bcee12820eb3e64bb5fadb4,2026-09-27T17:02:38Z,MIA,KC,betmgm,spreads,away,-13.5,-125,2026-09-27T17:20:59Z,1790529681.817575
0339a0e41bcee12820eb3e64bb5fadb4,2026-09-27T17:02:38Z,MIA,KC,betmgm,spreads,home,13.5,-105,2026-09-27T17:20:59Z,1790529681.817575
0339a0e41bcee12820eb3e64bb5fadb4,2026-09-27T17:02:38Z,MIA,KC,betmgm,totals,over,48.5,-118,2026-09-27T17:20:59Z,1790529681.817575
0339a0e41bcee12820eb3e64bb5fadb4,2026-09-27T17:02:38Z,MIA,KC,betmgm,totals,under,48.5,-112,2026-09-27T17:20:59Z,1790529681.817575
0339a0e41bcee12820eb3e64bb5fadb4,2026-09-27T17:02:38Z,MIA,KC,espnbet,ml,away,,-900,2026-09-27T17:21:17Z,1790529681.817575
0339a0e41bcee12820eb3e64bb5fadb4,2026-09-27T17:02:38Z,MIA,KC,espnbet,ml,home,,500,2026-09-27T17:21:17Z,1790529681.817575
0339a0e41bcee12820eb3e64bb5fadb4,2026-09-27T17:02:38Z,MIA,KC,espnbet,spreads,away,-12.5,-110,2026-09-27T17:21:17Z,1790529681.817575
0339a0e41bcee12820eb3e64bb5fadb4,2026-09-27T17:02:38Z,MIA,KC,espnbet,spreads,home,12.5,-120,2026-09-27T17:21:17Z,1790529681.817575
0339a0e41bcee12820eb3e64bb5fadb4,2026-09-27T17:02:38Z,MIA,KC,espnbet,totals,over,48.5,-115,2026-09-27T17:21:17Z,1790529681.817575
0339a0e41bcee12820eb3e64bb5fadb4,2026-09-27T17:02:38Z,MIA,KC,espnbet,totals,under,48.5,-115,2026-09-27T17:21:17Z,1790529681.817575
1f3cfd315a24d1a7dd5859a8e6b88e18,2026-09-27T17:02:40Z,JAX,NE,draftkings,ml,home,,-124,2026-09-27T17:21:15Z,1790529681.817575
1f3cfd315a24d1a7dd5859a8e6b88e18,2026-09-27T17:02:40Z,JAX,NE,draftkings,ml,away,,-106,2026-09-27T17:21:15Z,1790529681.817575
1f3cfd315a24d1a7dd5859a8e6b88e18,2026-09-27T17:02:40Z,JAX,NE,draftkings,spreads,home,-1.5,-109,2026-09-27T17:21:15Z,1790529681.817575
1f3cfd315a24d1a7dd5859a8e6b88e18,2026-09-27T17:02:40Z,JAX,NE,draftkings,spreads,away,1.5,-120,2026-09-27T17:21:15Z,1790529681.817575
1f3cfd315a24d1a7dd5859a8e6b88e18,2026-09-27T17:02:40Z,JAX,NE,draftkings,totals,over,41.5,-115,2026-09-27T17:21:15Z,1790529681.817575
1f3cfd315a24d1a7dd5859a8e6b88e18,2026-09-27T17:02:40Z,JAX,NE,draftkings,totals,under,41.5,-114,2026-09-27T17:21:15Z,1790529681.817575
1f3cfd315a24d1a7dd5859a8e6b88e18,2026-09-27T17:02:40Z,JAX,NE,fanduel,ml,home,,-115,2026-09-27T17:21:17Z,1790529681.817575
1f3cfd315a24d1a7dd5859a8e6b88e18,2026-09-27T17:02:40Z,JAX,NE,fanduel,ml,away,,-111,2026-09-27T17:21:17Z,1790529681.817575
1f3cfd315a24d1a7dd5859a8e6b88e18,2026-09-27T17:02:40Z,JAX,NE,fanduel,spreads,home,-1.5,-102,2026-09-27T17:21:17Z,1790529681.817575
1f3cfd315a24d1a7dd5859a8e6b88e18,2026-09-27T17:02:40Z,JAX,NE,fanduel,spreads,away,1.5,-130,2026-09-27T17:21:17Z,1790529681.817575
1f3cfd315a24d1a7dd5859a8e6b88e18,2026-09-27T17:02:40Z,JAX,NE,fanduel,totals,over,42.5,-104,2026-09-27T17:21:17Z,1790529681.817575
1f3cfd315a24d1a7dd5859a8e6b88e18,2026-09-27T17:02:40Z,JAX,NE,fanduel,totals,under,42.5,-128,2026-09-27T17:21:17Z,1790529681.817575
1f3cfd315a24d1a7dd5859a8e6b88e18,2026-09-27T17:02:40Z,JAX,NE,betrivers,ml,home,,-125,2026-09-27T17:21:15Z,1790529681.817575
1f3cfd315a24d1a7dd5859a8e6b88e18,2026-09-27T17:02:40Z,JAX,NE,betrivers,ml,away,,100,2026-09-27T17:21:15Z,1790529681.817575
1f3cfd315a24d1a7dd5859a8e6b88e18,2026-09-27T17:02:40Z,JAX,NE,betrivers,spreads,home,-1.5,-118,2026-09-27T17:21:15Z,1790529681.817575
1f3cfd315a24d1a7dd5859a8e6b88e18,2026-09-27T17:02:40Z,JAX,NE,betrivers,spreads,away,1.5,-109,2026-09-27T17:21:15Z,1790529681.817575
1f3cfd315a24d1a7dd5859a8e6b88e18,2026-09-27T17:02:40Z,JAX,NE,betrivers,totals,over,41.0,-115,2026-09-27T17:21:15Z,1790529681.817575
1f3cfd315a24d1a7dd5859a8e6b88e18,2026-09-27T17:02:40Z,JAX,NE,betrivers,totals,under,41.0,-113,2026-09-27T17:21:15Z,1790529681.817575
1f3cfd315a24d1a7dd5859a8e6b88e18,2026-09-27T17:02:40Z,JAX,NE,betmgm,ml,home,,-120,2026-09-27T17:20:59Z,1790529681.817575
1f3cfd315a24d1a7dd5859a8e6b88e18,2026-09-27T17:02:40Z,JAX,NE,betmgm,ml,away,,-105,2026-09-27T17:20:59Z,1790529681.817575
1f3cfd315a24d1a7dd5859a8e6b88e18,2026-09-27T17:02:40Z,JAX,NE,betmgm,spreads,home,1.5,-125,2026-09-27T17:20:59Z,1790529681.817575
1f3cfd315a24d1a7dd5859a8e6b88e18,2026-09-27T17:02:40Z,JAX,NE,betmgm,spreads,away,-1.5,-105,2026-09-27T17:20:59Z,1790529681.817575
1f3cfd315a24d1a7dd5859a8e6b88e18,2026-09-27T17:02:40Z,JAX,NE,betmgm,totals,over,41.5,-108,2026-09-27T17:20:59Z,1790529681.817575
1f3cfd315a24d1a7dd5859a8e6b88e18,2026-09-27T17:02:40Z,JAX,NE,betmgm,totals,under,41.5,-120,2026-09-27T17:20:59Z,1790529681.817575
1f3cfd315a24d1a7dd5859a8e6b88e18,2026-09-27T17:02:40Z,JAX,NE,espnbet,ml,home,,-130,2026-09-27T17:21:17Z,1790529681.817575
1f3cfd315a24d1a7dd5859a8e6b88e18,2026-09-27T17:02:40Z,JAX,NE,espnbet,ml,away,,100,2026-09-27T17:21:17Z,1790529681.817575
1f3cfd315a24d1a7dd5859a8e6b88e18,2026-09-27T17:02:40Z,JAX,NE,espnbet,spreads,home,-1.5,-110,2026-09-27T17:21:17Z,1790529681.817575
1f3cfd315a24d1a7dd5859a8e6b88e18,2026-09-27T17:02:40Z,JAX,NE,espnbet,spreads,away,1.5,-120,2026-09-27T17:21:17Z,1790529681.817575
1f3cfd315a24d1a7dd5859a8e6b88e18,2026-09-27T17:02:40Z,JAX,NE,espnbet,totals,over,41.5,-120,2026-09-27T17:21:17Z,1790529681.817575
1f3cfd315a24d1a7dd5859a8e6b88e18,2026-09-27T17:02:40Z,JAX,NE,espnbet,totals,under,41.5,-110,2026-09-27T17:21:17Z,1790529681.817575
1f3cfd315a24d1a7dd5859a8e6b88e18,2026-09-27T17:02:40Z,JAX,NE,bovada,spreads,home,-1.0,-115,2026-09-27T17:21:20Z,1790529681.817575
1f3cfd315a24d1a7dd5859a8e6b88e18,2026-09-27T17:02:40Z,JAX,NE,bovada,spreads,away,1.0,-115,2026-09-27T17:21:20Z,1790529681.817575
07f552badfa8a565d1be22123713e4da,2026-09-27T17:02:48Z,DET,NYJ,draftkings,ml,home,,-389,2026-09-27T17:21:15Z,1790529681.817575
07f552badfa8a565d1be22123713e4da,2026-09-27T17:02:48Z,DET,NYJ,draftkings,ml,away,,280,2026-09-27T17:21:15Z,1790529681.817575
07f552badfa8a565d1be22123713e4da,2026-09-27T17:02:48Z,DET,NYJ,draftkings,spreads,home,-7.5,-105,2026-09-27T17:21:15Z,1790529681.817575
07f552badfa8a565d1be22123713e4da,2026-09-27T17:02:48Z,DET,NYJ,draftkings,spreads,away,7.5,-125,2026-09-27T17:21:15Z,1790529681.817575
07f552badfa8a565d1be22123713e4da,2026-09-27T17:02:48Z,DET,NYJ,draftkings,totals,over,40.5,-109,2026-09-27T17:21:15Z,1790529681.817575
07f552badfa8a565d1be22123713e4da,2026-09-27T17:02:48Z,DET,NYJ,draftkings,totals,under,40.5,-121,2026-09-27T17:21:15Z,1790529681.817575
07f552badfa8a565d1be22123713e4da,2026-09-27T17:02:48Z,DET,NYJ,fanduel,ml,home,,-410,2026-09-27T17:21:17Z,1790529681.817575
07f552badfa8a565d1be22123713e4da,2026-09-27T17:02:48Z,DET,NYJ,fanduel,ml,away,,290,2026-09-27T17:21:17Z,1790529681.817575
07f552badfa8a565d1be22123713e4da,2026-09-27T17:02:48Z,DET,NYJ,fanduel,spreads,home,-6.5,-130,2026-09-27T17:21:17Z,1790529681.817575
07f552badfa8a565d1be22123713e4da,2026-09-27T17:02:48Z,DET,NYJ,fanduel,spreads,away,6.5,-102,2026-09-27T17:21:17Z,1790529681.817575
07f552badfa8a565d1be22123713e4da,2026-09-27T17:02:48Z,DET,NYJ,fanduel,totals,over,39.5,-122,2026-09-27T17:21:17Z,1790529681.817575
07f552badfa8a565d1be22123713e4da,2026-09-27T17:02:48Z,DET,NYJ,fanduel,totals,under,39.5,-108,2026-09-27T17:21:17Z,1790529681.817575
07f552badfa8a565d1be22123713e4da,2026-09-27T17:02:48Z,DET,NYJ,betrivers,ml,home,,-360,2026-09-27T17:21:15Z,1790529681.817575
07f552badfa8a565d1be22123713e4da,2026-09-27T17:02:48Z,DET,NYJ,betrivers,ml,away,,260,2026-09-27T17:21:15Z,1790529681.817575
07f552badfa8a565d1be22123713e4da,2026-09-27T17:02:48Z,DET,NYJ,betrivers,spreads,home,-7.0,-109,2026-09-27T17:21:15Z,1790529681.817575
07f552badfa8a565d1be22123713e4da,2026-09-27T17:02:48Z,DET,NYJ,betrivers,spreads,away,7.0,-118,2026-09-27T17:21:15Z,1790529681.817575
07f552badfa8a565d1be22123713e4da,2026-09-27T17:02:48Z,DET,NYJ,betrivers,totals,over,40.5,-117,2026-09-27T17:21:15Z,1790529681.817575
07f552badfa8a565d1be22123713e4da,2026-09-27T17:02:48Z,DET,NYJ,betrivers,totals,under,40.5,-112,2026-09-27T17:21:15Z,1790529681.817575
07f552badfa8a565d1be22123713e4da,2026-09-27T17:02:48Z,DET,NYJ,betmgm,ml,home,,-375,2026-09-27T17:20:59Z,1790529681.817575
07f552badfa8a565d1be22123713e4da,2026-09-27T17:02:48Z,DET,NYJ,betmgm,ml,away,,280,2026-09-27T17:20:59Z,1790529681.817575
07f552badfa8a565d1be22123713e4da,2026-09-27T17:02:48Z,DET,NYJ,betmgm,spreads,home,-7.5,100,2026-09-27T17:20:59Z,1790529681.817575
07f552badfa8a565d1be22123713e4da,2026-09-27T17:02:48Z,DET,NYJ,betmgm,spreads,away,7.5,-135,2026-09-27T17:20:59Z,1790529681.817575
07f552badfa8a565d1be22123713e4da,2026-09-27T17:02:48Z,DET,NYJ,betmgm,totals,over,39.5,-110,2026-09-27T17:20:59Z,1790529681.817575
07f552badfa8a565d1be22123713e4da,2026-09-27T17:02:48Z,DET,NYJ,betmgm,totals,under,39.5,-108,2026-09-27T17:20:59Z,1790529681.817575
07f552badfa8a565d1be22123713e4da,2026-09-27T17:02:48Z,DET,NYJ,espnbet,ml,home,,-450,2026-09-27T17:21:17Z,1790529681.817575
07f552badfa8a565d1be22123713e4da,2026-09-27T17:02:48Z,DET,NYJ,espnbet,ml,away,,300,2026-09-27T17:21:17Z,1790529681.817575
07f552badfa8a565d1be22123713e4da,2026-09-27T17:02:48Z,DET,NYJ,espnbet,spreads,home,-7.5,-110,2026-09-27T17:21:17Z,1790529681.817575
07f552badfa8a565d1be22123713e4da,2026-09-27T17:02:48Z,DET,NYJ,espnbet,spreads,away,7.5,-120,2026-09-27T17:21:17Z,1790529681.817575
07f552badfa8a565d1be22123713e4da,2026-09-27T17:02:48Z,DET,NYJ,espnbet,totals,over,40.5,-115,2026-09-27T17:21:17Z,1790529681.817575
07f552badfa8a565d1be22123713e4da,2026-09-27T17:02:48Z,DET,NYJ,espnbet,totals,under,40.5,-115,2026-09-27T17:21:17Z,1790529681.817575
07f552badfa8a565d1be22123713e4da,2026-09-27T17:02:48Z,DET,NYJ,bovada,ml,home,,-300,2026-09-27T17:16:57Z,1790529681.817575
07f552badfa8a565d1be22123713e4da,2026-09-27T17:02:48Z,DET,NYJ,bovada,ml,away,,220,2026-09-27T17:16:57Z,1790529681.817575
07f552badfa8a565d1be22123713e4da,2026-09-27T17:02:48Z,DET,NYJ,bovada,spreads,home,-6.0,-115,2026-09-27T17:16:57Z,1790529681.817575
07f552badfa8a565d1be22123713e4da,2026-09-27T17:02:48Z,DET,NYJ,bovada,spreads,away,6.0,-115,2026-09-27T17:16:57Z,1790529681.817575
07f552badfa8a565d1be22123713e4da,2026-09-27T17:02:48Z,DET,NYJ,bovada,totals,over,43.5,-115,2026-09-27T17:16:57Z,1790529681.817575
07f552badfa8a565d1be22123713e4da,2026-09-27T17:02:48Z,DET,NYJ,bovada,totals,under,43.5,-115,2026-09-27T17:16:57Z,1790529681.817575
b225458a282e140c44c45651255f2f6c,2026-09-27T17:02:53Z,BUF,LAC,draftkings,ml,home,,-130,2026-09-27T17:21:15Z,1790529681.817575
b225458a282e140c44c45651255f2f6c,2026-09-27T17:02:53Z,BUF,LAC,draftkings,ml,away,,-102,2026-09-27T17:21:15Z,1790529681.817575
b225458a282e140c44c45651255f2f6c,2026-09-27T17:02:53Z,BUF,LAC,draftkings,spreads,home,-1.5,-108,2026-09-27T17:21:15Z,1790529681.817575
b225458a282e140c44c45651255f2f6c,2026-09-27T17:02:53Z,BUF,LAC,draftkings,spreads,away,1.5,-122,2026-09-27T17:21:15Z,1790529681.817575
b225458a282e140c44c45651255f2f6c,2026-09-27T17:02:53Z,BUF,LAC,draftkings,totals,over,52.5,-113,2026-09-27T17:21:15Z,1790529681.817575
b225458a282e140c44c45651255f2f6c,2026-09-27T17:02:53Z,BUF,LAC,draftkings,totals,under,52.5,-116,2026-09-27T17:21:15Z,1790529681.817575
b225458a282e140c44c45651255f2f6c,2026-09-27T17:02:53Z,BUF,LAC,fanduel,ml,home,,-115,2026-09-27T17:21:17Z,1790529681.817575
b225458a282e140c44c45651255f2f6c,2026-09-27T17:02:53Z,BUF,LAC,fanduel,ml,away,,-111,2026-09-27T17:21:17Z,1790529681.817575
b225458a282e140c44c45651255f2f6c,2026-09-27T17:02:53Z,BUF,LAC,fanduel,spreads,home,-1.5,100,2026-09-27T17:21:17Z,1790529681.817575
b225458a282e140c44c45651255f2f6c,2026-09-27T17:02:53Z,BUF,LAC,fanduel,spreads,away,1.5,-132,2026-09-27T17:21:17Z,1790529681.817575
b225458a282e140c44c45651255f2f6c,2026-09-27T17:02:53Z,BUF,LAC,fanduel,totals,over,51.5,-114,2026-09-27T17:21:17Z,1790529681.817575
b225458a282e140c44c45651255f2f6c,2026-09-27T17:02:53Z,BUF,LAC,fanduel,totals,under,51.5,-114,2026-09-27T17:21:17Z,1790529681.817575
b225458a282e140c44c45651255f2f6c,2026-09-27T17:02:53Z,BUF,LAC,betrivers,ml,home,,-112,2026-09-27T17:21:15Z,1790529681.817575
b225458a282e140c44c45651255f2f6c,2026-09-27T17:02:53Z,BUF,LAC,betrivers,ml,away,,-113,2026-09-27T17:21:15Z,1790529681.817575
b225458a282e140c44c45651255f2f6c,2026-09-27T17:02:53Z,BUF,LAC,betrivers,spreads,home,1.0,-120,2026-09-27T17:21:15Z,1790529681.817575
b225458a282e140c44c45651255f2f6c,2026-09-27T17:02:53Z,BUF,LAC,betrivers,spreads,away,-1.0,-109,2026-09-27T17:21:15Z,1790529681.817575
b225458a282e140c44c45651255f2f6c,2026-09-27T17:02:53Z,BUF,LAC,betrivers,totals,over,51.5,-113,2026-09-27T17:21:15Z,1790529681.817575
b225458a282e140c44c45651255f2f6c,2026-09-27T17:02:53Z,BUF,LAC,betrivers,totals,under,51.5,-115,2026-09-27T17:21:15Z,1790529681.817575
b225458a282e140c44c45651255f2f6c,2026-09-27T17:02:53Z,BUF,LAC,betmgm,ml,home,,-130,2026-09-27T17:20:59Z,1790529681.817575
b225458a282e140c44c45651255f2f6c,2026-09-27T17:02:53Z,BUF,LAC,betmgm,ml,away,,100,2026-09-27T17:20:59Z,1790529681.817575
b225458a282e140c44c45651255f2f6c,2026-09-27T17:02:53Z,BUF,LAC,betmgm,spreads,home,-1.5,-108,2026-09-27T17:20:59Z,1790529681.817575
b225458a282e140c44c45651255f2f6c,2026-09-27T17:02:53Z,BUF,LAC,betmgm,spreads,away,1.5,-120,2026-09-27T17:20:59Z,1790529681.817575
b225458a282e140c44c45651255f2f6c,2026-09-27T17:02:53Z,BUF,LAC,betmgm,totals,over,51.5,-105,2026-09-27T17:20:59Z,1790529681.817575
b225458a282e140c44c45651255f2f6c,2026-09-27T17:02:53Z,BUF,LAC,betmgm,totals,under,51.5,-125,2026-09-27T17:20:59Z,1790529681.817575
b225458a282e140c44c45651255f2f6c,2026-09-27T17:02:53Z,BUF,LAC,pinnacle,ml,home,,-158,2026-09-27T17:21:17Z,1790529681.817575
b225458a282e140c44c45651255f2f6c,2026-09-27T17:02:53Z,BUF,LAC,pinnacle,ml,away,,130,2026-09-27T17:21:17Z,1790529681.817575
b225458a282e140c44c45651255f2f6c,2026-09-27T17:02:53Z,BUF,LAC,pinnacle,spreads,home,-2.5,-120,2026-09-27T17:21:17Z,1790529681.817575
b225458a282e140c44c45651255f2f6c,2026-09-27T17:02:53Z,BUF,LAC,pinnacle,spreads,away,2.5,-101,2026-09-27T17:21:17Z,1790529681.817575
b225458a282e140c44c45651255f2f6c,2026-09-27T17:02:53Z,BUF,LAC,pinnacle,totals,over,52.0,-114,2026-09-27T17:21:17Z,1790529681.817575
b225458a282e140c44c45651255f2f6c,2026-09-27T17:02:53Z,BUF,LAC,pinnacle,totals,under,52.0,-110,2026-09-27T17:21:17Z,1790529681.817575
b225458a282e140c44c45651255f2f6c,2026-09-27T17:02:53Z,BUF,LAC,espnbet,ml,home,,-130,2026-09-27T17:21:17Z,1790529681.817575
b225458a282e140c44c45651255f2f6c,2026-09-27T17:02:53Z,BUF,LAC,espnbet,ml,away,,100,2026-09-27T17:21:17Z,1790529681.817575
b225458a282e140c44c45651255f2f6c,2026-09-27T17:02:53Z,BUF,LAC,espnbet,spreads,home,-1.5,100,2026-09-27T17:21:17Z,1790529681.817575
b225458a282e140c44c45651255f2f6c,2026-09-27T17:02:53Z,BUF,LAC,espnbet,spreads,away,1.5,-130,2026-09-27T17:21:17Z,1790529681.817575
b225458a282e140c44c45651255f2f6c,2026-09-27T17:02:53Z,BUF,LAC,espnbet,totals,over,51.5,-120,2026-09-27T17:21:17Z,1790529681.817575
b225458a282e140c44c45651255f2f6c,2026-09-27T17:02:53Z,BUF,LAC,espnbet,totals,under,51.5,-110,2026-09-27T17:21:17Z,1790529681.817575
b225458a282e140c44c45651255f2f6c,2026-09-27T17:02:53Z,BUF,LAC,bovada,ml,home,,-125,2026-09-27T17:21:20Z,1790529681.817575
b225458a282e140c44c45651255f2f6c,2026-09-27T17:02:53Z,BUF,LAC,bovada,ml,away,,-105,2026-09-27T17:21:20Z,1790529681.817575
b225458a282e140c44c45651255f2f6c,2026-09-27T17:02:53Z,BUF,LAC,bovada,spreads,home,-1.0,-110,2026-09-27T17:21:20Z,1790529681.817575
b225458a282e140c44c45651255f2f6c,2026-09-27T17:02:53Z,BUF,LAC,bovada,spreads,away,1.0,-120,2026-09-27T17:21:20Z,1790529681.817575
b225458a282e140c44c45651255f2f6c,2026-09-27T17:02:53Z,BUF,LAC,bovada,totals,over,51.5,-120,2026-09-27T17:21:20Z,1790529681.817575
b225458a282e140c44c45651255f2f6c,2026-09-27T17:02:53Z,BUF,LAC,bovada,totals,under,51.5,-110,2026-09-27T17:21:20Z,1790529681.817575
555afd4a27aaa392662881cffa8f2eef,2026-09-27T17:02:56Z,NYG,TEN,draftkings,ml,home,,-160,2026-09-27T17:21:15Z,1790529681.817575
555afd4a27aaa392662881cffa8f2eef,2026-09-27T17:02:56Z,NYG,TEN,draftkings,ml,away,,121,2026-09-27T17:21:15Z,1790529681.817575
555afd4a27aaa392662881cffa8f2eef,2026-09-27T17:02:56Z,NYG,TEN,draftkings,spreads,home,-2.5,-128,2026-09-27T17:21:15Z,1790529681.817575
555afd4a27aaa392662881cffa8f2eef,2026-09-27T17:02:56Z,NYG,TEN,draftkings,spreads,away,2.5,-103,2026-09-27T17:21:15Z,1790529681.817575
555afd4a27aaa392662881cffa8f2eef,2026-09-27T17:02:56Z,NYG,TEN,draftkings,totals,over,35.5,-110,2026-09-27T17:21:15Z,1790529681.817575
555afd4a27aaa392662881cffa8f2eef,2026-09-27T17:02:56Z,NYG,TEN,draftkings,totals,under,35.5,-120,2026-09-27T17:21:15Z,1790529681.817575
555afd4a27aaa392662881cffa8f2eef,2026-09-27T17:02:56Z,NYG,TEN,fanduel,ml,home,,-172,2026-09-27T17:21:17Z,1790529681.817575
555afd4a27aaa392662881cffa8f2eef,2026-09-27T17:02:56Z,NYG,TEN,fanduel,ml,away,,134,2026-09-27T17:21:17Z,1790529681.817575
555afd4a27aaa392662881cffa8f2eef,2026-09-27T17:02:56Z,NYG,TEN,fanduel,spreads,home,-3.5,100,2026-09-27T17:21:17Z,1790529681.817575
555afd4a27aaa392662881cffa8f2eef,2026-09-27T17:02:56Z,NYG,TEN,fanduel,spreads,away,3.5,-132,2026-09-27T17:21:17Z,1790529681.817575
555afd4a27aaa392662881cffa8f2eef,2026-09-27T17:02:56Z,NYG,TEN,fanduel,totals,over,35.5,-108,2026-09-27T17:21:17Z,1790529681.817575
555afd4a27aaa392662881cffa8f2eef,2026-09-27T17:02:56Z,NYG,TEN,fanduel,totals,under,35.5,-122,2026-09-27T17:21:17Z,1790529681.817575
555afd4a27aaa392662881cffa8f2eef,2026-09-27T17:02:56Z,NYG,TEN,betrivers,ml,home,,-148,2026-09-27T17:21:15Z,1790529681.817575
555afd4a27aaa392662881cffa8f2eef,2026-09-27T17:02:56Z,NYG,TEN,betrivers,ml,away,,116,2026-09-27T17:21:15Z,1790529681.817575
555afd4a27aaa392662881cffa8f2eef,2026-09-27T17:02:56Z,NYG,TEN,betrivers,spreads,home,-3.0,-108,2026-09-27T17:21:15Z,1790529681.817575
555afd4a27aaa392662881cffa8f2eef,2026-09-27T17:02:56Z,NYG,TEN,betrivers,spreads,away,3.0,-121,2026-09-27T17:21:15Z,1790529681.817575
555afd4a27aaa392662881cffa8f2eef,2026-09-27T17:02:56Z,NYG,TEN,betrivers,totals,over,35.0,-113,2026-09-27T17:21:15Z,1790529681.817575
555afd4a27aaa392662881cffa8f2eef,2026-09-27T17:02:56Z,NYG,TEN,betrivers,totals,under,35.0,-115,2026-09-27T17:21:15Z,1790529681.817575
555afd4a27aaa392662881cffa8f2eef,2026-09-27T17:02:56Z,NYG,TEN,betmgm,ml,home,,-165,2026-09-27T17:20:59Z,1790529681.817575
555afd4a27aaa392662881cffa8f2eef,2026-09-27T17:02:56Z,NYG,TEN,betmgm,ml,away,,125,2026-09-27T17:20:59Z,1790529681.817575
555afd4a27aaa392662881cffa8f2eef,2026-09-27T17:02:56Z,NYG,TEN,betmgm,spreads,home,-3.5,105,2026-09-27T17:20:59Z,1790529681.817575
555afd4a27aaa392662881cffa8f2eef,2026-09-27T17:02:56Z,NYG,TEN,betmgm,spreads,away,3.5,-125,2026-09-27T17:20:59Z,1790529681.817575
555afd4a27aaa392662881cffa8f2eef,2026-09-27T17:02:56Z,NYG,TEN,betmgm,totals,over,34.5,-112,2026-09-27T17:20:59Z,1790529681.817575
555afd4a27aaa392662881cffa8f2eef,2026-09-27T17:02:56Z,NYG,TEN,betmgm,totals,under,34.5,-105,2026-09-27T17:20:59Z,1790529681.817575
555afd4a27aaa392662881cffa8f2eef,2026-09-27T17:02:56Z,NYG,TEN,espnbet,ml,home,,-180,2026-09-27T17:21:17Z,1790529681.817575
555afd4a27aaa392662881cffa8f2eef,2026-09-27T17:02:56Z,NYG,TEN,espnbet,ml,away,,140,2026-09-27T17:21:17Z,1790529681.817575
555afd4a27aaa392662881cffa8f2eef,2026-09-27T17:02:56Z,NYG,TEN,espnbet,spreads,home,-3.5,110,2026-09-27T17:21:17Z,1790529681.817575
555afd4a27aaa392662881cffa8f2eef,2026-09-27T17:02:56Z,NYG,TEN,espnbet,spreads,away,3.5,-140,2026-09-27T17:21:17Z,1790529681.817575
555afd4a27aaa392662881cffa8f2eef,2026-09-27T17:02:56Z,NYG,TEN,espnbet,totals,over,35.5,-115,2026-09-27T17:21:17Z,1790529681.817575
555afd4a27aaa392662881cffa8f2eef,2026-09-27T17:02:56Z,NYG,TEN,espnbet,totals,under,35.5,-120,2026-09-27T17:21:17Z,1790529681.817575
555afd4a27aaa392662881cffa8f2eef,2026-09-27T17:02:56Z,NYG,TEN,bovada,ml,home,,-155,2026-09-27T17:14:48Z,1790529681.817575
555afd4a27aaa392662881cffa8f2eef,2026-09-27T17:02:56Z,NYG,TEN,bovada,ml,away,,120,2026-09-27T17:14:48Z,1790529681.817575
555afd4a27aaa392662881cffa8f2eef,2026-09-27T17:02:56Z,NYG,TEN,bovada,spreads,home,-2.5,-120,2026-09-27T17:14:48Z,1790529681.817575
555afd4a27aaa392662881cffa8f2eef,2026-09-27T17:02:56Z,NYG,TEN,bovada,spreads,away,2.5,-110,2026-09-27T17:14:48Z,1790529681.817575
555afd4a27aaa392662881cffa8f2eef,2026-09-27T17:02:56Z,NYG,TEN,bovada,totals,over,36.5,-110,2026-09-27T17:14:48Z,1790529681.817575
555afd4a27aaa392662881cffa8f2eef,2026-09-27T17:02:56Z,NYG,TEN,bovada,totals,under,36.5,-120,2026-09-27T17:14:48Z,1790529681.817575
555afd4a27aaa392662881cffa8f2eef,2026-09-27T17:02:56Z,NYG,TEN,pinnacle,ml,home,,-146,2026-09-27T17:21:17Z,1790529681.817575
555afd4a27aaa392662881cffa8f2eef,2026-09-27T17:02:56Z,NYG,TEN,pinnacle,ml,away,,124,2026-09-27T17:21:17Z,1790529681.817575
555afd4a27aaa392662881cffa8f2eef,2026-09-27T17:02:56Z,NYG,TEN,pinnacle,spreads,home,-3.0,107,2026-09-27T17:21:17Z,1790529681.817575
555afd4a27aaa392662881cffa8f2eef,2026-09-27T17:02:56Z,NYG,TEN,pinnacle,spreads,away,3.0,-124,2026-09-27T17:21:17Z,1790529681.817575
555afd4a27aaa392662881cffa8f2eef,2026-09-27T17:02:56Z,NYG,TEN,pinnacle,totals,over,36.5,-111,2026-09-27T17:21:17Z,1790529681.817575
555afd4a27aaa392662881cffa8f2eef,2026-09-27T17:02:56Z,NYG,TEN,pinnacle,totals,under,36.5,-109,2026-09-27T17:21:17Z,1790529681.817575
613b8cd3a5fab58f7be4e3fd6f76223e,2026-09-27T17:02:57Z,CLE,CAR,draftkings,ml,away,,-120,2026-09-27T17:21:15Z,1790529681.817575
613b8cd3a5fab58f7be4e3fd6f76223e,2026-09-27T17:02:57Z,CLE,CAR,draftkings,ml,home,,-110,2026-09-27T17:21:15Z,1790529681.817575
613b8cd3a5fab58f7be4e3fd6f76223e,2026-09-27T17:02:57Z,CLE,CAR,draftkings,spreads,away,-1.5,-106,2026-09-27T17:21:15Z,1790529681.817575
613b8cd3a5fab58f7be4e3fd6f76223e,2026-09-27T17:02:57Z,CLE,CAR,draftkings,spreads,home,1.5,-125,2026-09-27T17:21:15Z,1790529681.817575
613b8cd3a5fab58f7be4e3fd6f76223e,2026-09-27T17:02:57Z,CLE,CAR,draftkings,totals,over,35.5,-122,2026-09-27T17:21:15Z,1790529681.817575
613b8cd3a5fab58f7be4e3fd6f76223e,2026-09-27T17:02:57Z,CLE,CAR,draftkings,totals,under,35.5,-108,2026-09-27T17:21:15Z,1790529681.817575
613b8cd3a5fab58f7be4e3fd6f76223e,2026-09-27T17:02:57Z,CLE,CAR,fanduel,ml,away,,-115,2026-09-27T17:21:17Z,1790529681.817575
613b8cd3a5fab58f7be4e3fd6f76223e,2026-09-27T17:02:57Z,CLE,CAR,fanduel,ml,home,,-111,2026-09-27T17:21:17Z,1790529681.817575
613b8cd3a5fab58f7be4e3fd6f76223e,2026-09-27T17:02:57Z,CLE,CAR,fanduel,spreads,away,1.5,-136,2026-09-27T17:21:17Z,1790529681.817575
613b8cd3a5fab58f7be4e3fd6f76223e,2026-09-27T17:02:57Z,CLE,CAR,fanduel,spreads,home,-1.5,102,2026-09-27T17:21:17Z,1790529681.817575
613b8cd3a5fab58f7be4e3fd6f76223e,2026-09-27T17:02:57Z,CLE,CAR,fanduel,totals,over,34.5,-118,2026-09-27T17:21:17Z,1790529681.817575
613b8cd3a5fab58f7be4e3fd6f76223e,2026-09-27T17:02:57Z,CLE,CAR,fanduel,totals,under,34.5,-112,2026-09-27T17:21:17Z,1790529681.817575
613b8cd3a5fab58f7be4e3fd6f76223e,2026-09-27T17:02:57Z,CLE,CAR,betrivers,ml,away,,-107,2026-09-27T17:21:15Z,1790529681.817575
613b8cd3a5fab58f7be4e3fd6f76223e,2026-09-27T17:02:57Z,CLE,CAR,betrivers,ml,home,,-120,2026-09-27T17:21:15Z,1790529681.817575
613b8cd3a5fab58f7be4e3fd6f76223e,2026-09-27T17:02:57Z,CLE,CAR,betrivers,spreads,away,1.0,-114,2026-09-27T17:21:15Z,1790529681.817575
613b8cd3a5fab58f7be4e3fd6f76223e,2026-09-27T17:02:57Z,CLE,CAR,betrivers,spreads,home,-1.0,-114,2026-09-27T17:21:15Z,1790529681.817575
613b8cd3a5fab58f7be4e3fd6f76223e,2026-09-27T17:02:57Z,CLE,CAR,betrivers,totals,over,36.0,-113,2026-09-27T17:21:15Z,1790529681.817575
613b8cd3a5fab58f7be4e3fd6f76223e,2026-09-27T17:02:57Z,CLE,CAR,betrivers,totals,under,36.0,-114,2026-09-27T17:21:15Z,1790529681.817575
613b8cd3a5fab58f7be4e3fd6f76223e,2026-09-27T17:02:57Z,CLE,CAR,betmgm,ml,away,,-115,2026-09-27T17:20:59Z,1790529681.817575
613b8cd3a5fab58f7be4e3fd6f76223e,2026-09-27T17:02:57Z,CLE,CAR,betmgm,ml,home,,-102,2026-09-27T17:20:59Z,1790529681.817575
613b8cd3a5fab58f7be4e3fd6f76223e,2026-09-27T17:02:57Z,CLE,CAR,betmgm,spreads,away,-1.5,100,2026-09-27T17:20:59Z,1790529681.817575
613b8cd3a5fab58f7be4e3fd6f76223e,2026-09-27T17:02:57Z,CLE,CAR,betmgm,spreads,home,1.5,-120,2026-09-27T17:20:59Z,1790529681.817575
613b8cd3a5fab58f7be4e3fd6f76223e,2026-09-27T17:02:57Z,CLE,CAR,betmgm,totals,over,35.5,-105,2026-09-27T17:20:59Z,1790529681.817575
613b8cd3a5fab58f7be4e3fd6f76223e,2026-09-27T17:02:57Z,CLE,CAR,betmgm,totals,under,35.5,-115,2026-09-27T17:20:59Z,1790529681.817575
613b8cd3a5fab58f7be4e3fd6f76223e,2026-09-27T17:02:57Z,CLE,CAR,espnbet,ml,away,,-115,2026-09-27T17:21:17Z,1790529681.817575
613b8cd3a5fab58f7be4e3fd6f76223e,2026-09-27T17:02:57Z,CLE,CAR,espnbet,ml,home,,-115,2026-09-27T17:21:17Z,1790529681.817575
613b8cd3a5fab58f7be4e3fd6f76223e,2026-09-27T17:02:57Z,CLE,CAR,espnbet,spreads,away,1.5,-130,2026-09-27T17:21:17Z,1790529681.817575
613b8cd3a5fab58f7be4e3fd6f76223e,2026-09-27T17:02:57Z,CLE,CAR,espnbet,spreads,home,-1.5,100,2026-09-27T17:21:17Z,1790529681.817575
613b8cd3a5fab58f7be4e3fd6f76223e,2026-09-27T17:02:57Z,CLE,CAR,espnbet,totals,over,34.5,-120,2026-09-27T17:21:17Z,1790529681.817575
613b8cd3a5fab58f7be4e3fd6f76223e,2026-09-27T17:02:57Z,CLE,CAR,espnbet,totals,under,34.5,-110,2026-09-27T17:21:17Z,1790529681.817575
613b8cd3a5fab58f7be4e3fd6f76223e,2026-09-27T17:02:57Z,CLE,CAR,bovada,ml,away,,-115,2026-09-27T17:21:20Z,1790529681.817575
613b8cd3a5fab58f7be4e3fd6f76223e,2026-09-27T17:02:57Z,CLE,CAR,bovada,ml,home,,-115,2026-09-27T17:21:20Z,1790529681.817575
613b8cd3a5fab58f7be4e3fd6f76223e,2026-09-27T17:02:57Z,CLE,CAR,bovada,spreads,away,-1.0,-105,2026-09-27T17:21:20Z,1790529681.817575
613b8cd3a5fab58f7be4e3fd6f76223e,2026-09-27T17:02:57Z,CLE,CAR,bovada,spreads,home,1.0,-125,2026-09-27T17:21:20Z,1790529681.817575
613b8cd3a5fab58f7be4e3fd6f76223e,2026-09-27T17:02:57Z,CLE,CAR,bovada,totals,over,35.5,-115,2026-09-27T17:21:20Z,1790529681.817575
613b8cd3a5fab58f7be4e3fd6f76223e,2026-09-27T17:02:57Z,CLE,CAR,bovada,totals,under,35.5,-115,2026-09-27T17:21:20Z,1790529681.817575
2a529c108305ffa049d8b6cfdbaa4d36,2026-09-27T17:03:12Z,WAS,SEA,draftkings,ml,away,,-176,2026-09-27T17:21:15Z,1790529681.817575
2a529c108305ffa049d8b6cfdbaa4d36,2026-09-27T17:03:12Z,WAS,SEA,draftkings,ml,home,,133,2026-09-27T17:21:15Z,1790529681.817575
2a529c108305ffa049d8b6cfdbaa4d36,2026-09-27T17:03:12Z,WAS,SEA,draftkings,spreads,away,-3.5,101,2026-09-27T17:21:15Z,1790529681.817575
2a529c108305ffa049d8b6cfdbaa4d36,2026-09-27T17:03:12Z,WAS,SEA,draftkings,spreads,home,3.5,-133,2026-09-27T17:21:15Z,1790529681.817575
2a529c108305ffa049d8b6cfdbaa4d36,2026-09-27T17:03:12Z,WAS,SEA,draftkings,totals,over,43.5,-122,2026-09-27T17:21:15Z,1790529681.817575
2a529c108305ffa049d8b6cfdbaa4d36,2026-09-27T17:03:12Z,WAS,SEA,draftkings,totals,under,43.5,-108,2026-09-27T17:21:15Z,1790529681.817575
2a529c108305ffa049d8b6cfdbaa4d36,2026-09-27T17:03:12Z,WAS,SEA,fanduel,ml,away,,-164,2026-09-27T17:21:17Z,1790529681.817575
2a529c108305ffa049d8b6cfdbaa4d36,2026-09-27T17:03:12Z,WAS,SEA,fanduel,ml,home,,128,2026-09-27T17:21:17Z,1790529681.817575
2a529c108305ffa049d8b6cfdbaa4d36,2026-09-27T17:03:12Z,WAS,SEA,fanduel,spreads,away,-2.5,-132,2026-09-27T17:21:17Z,1790529681.817575
2a529c108305ffa049d8b6cfdbaa4d36,2026-09-27T17:03:12Z,WAS,SEA,fanduel,spreads,home,2.5,100,2026-09-27T17:21:17Z,1790529681.817575
2a529c108305ffa049d8b6cfdbaa4d36,2026-09-27T17:03:12Z,WAS,SEA,fanduel,totals,over,44.5,-102,2026-09-27T17:21:17Z,1790529681.817575
2a529c108305ffa049d8b6cfdbaa4d36,2026-09-27T17:03:12Z,WAS,SEA,fanduel,totals,under,44.5,-130,2026-09-27T17:21:17Z,1790529681.817575
2a529c108305ffa049d8b6cfdbaa4d36,2026-09-27T17:03:12Z,WAS,SEA,betrivers,ml,away,,-157,2026-09-27T17:21:15Z,1790529681.817575
2a529c108305ffa049d8b6cfdbaa4d36,2026-09-27T17:03:12Z,WAS,SEA,betrivers,ml,home,,123,2026-09-27T17:21:15Z,1790529681.817575
2a529c108305ffa049d8b6cfdbaa4d36,2026-09-27T17:03:12Z,WAS,SEA,betrivers,spreads,away,-3.0,-110,2026-09-27T17:21:15Z,1790529681.817575
2a529c108305ffa049d8b6cfdbaa4d36,2026-09-27T17:03:12Z,WAS,SEA,betrivers,spreads,home,3.0,-118,2026-09-27T17:21:15Z,1790529681.817575
2a529c108305ffa049d8b6cfdbaa4d36,2026-09-27T17:03:12Z,WAS,SEA,betrivers,totals,over,43.5,-115,2026-09-27T17:21:15Z,1790529681.817575
2a529c108305ffa049d8b6cfdbaa4d36,2026-09-27T17:03:12Z,WAS,SEA,betrivers,totals,under,43.5,-113,2026-09-27T17:21:15Z,1790529681.817575
2a529c108305ffa049d8b6cfdbaa4d36,2026-09-27T17:03:12Z,WAS,SEA,betmgm,ml,away,,-185,2026-09-27T17:20:59Z,1790529681.817575
2a529c108305ffa049d8b6cfdbaa4d36,2026-09-27T17:03:12Z,WAS,SEA,betmgm,ml,home,,135,2026-09-27T17:20:59Z,1790529681.817575
2a529c108305ffa049d8b6cfdbaa4d36,2026-09-27T17:03:12Z,WAS,SEA,betmgm,spreads,away,-3.5,100,2026-09-27T17:20:59Z,1790529681.817575
2a529c108305ffa049d8b6cfdbaa4d36,2026-09-27T17:03:12Z,WAS,SEA,betmgm,spreads,home,3.5,-135,2026-09-27T17:20:59Z,1790529681.817575
2a529c108305ffa049d8b6cfdbaa4d36,2026-09-27T17:03:12Z,WAS,SEA,betmgm,totals,over,44.5,-110,2026-09-27T17:20:59Z,1790529681.817575
2a529c108305ffa049d8b6cfdbaa4d36,2026-09-27T17:03:12Z,WAS,SEA,betmgm,totals,under,44.5,-120,2026-09-27T17:20:59Z,1790529681.817575
2a529c108305ffa049d8b6cfdbaa4d36,2026-09-27T17:03:12Z,WAS,SEA,pinnacle,ml,away,,-313,2026-09-27T17:21:18Z,1790529681.817575
2a529c108305ffa049d8b6cfdbaa4d36,2026-09-27T17:03:12Z,WAS,SEA,pinnacle,ml,home,,257,2026-09-27T17:21:18Z,1790529681.817575
2a529c108305ffa049d8b6cfdbaa4d36,2026-09-27T17:03:12Z,WAS,SEA,pinnacle,spreads,away,-8.0,112,2026-09-27T17:21:18Z,1790529681.817575
2a529c108305ffa049d8b6cfdbaa4d36,2026-09-27T17:03:12Z,WAS,SEA,pinnacle,spreads,home,8.0,-131,2026-09-27T17:21:18Z,1790529681.817575
2a529c108305ffa049d8b6cfdbaa4d36,2026-09-27T17:03:12Z,WAS,SEA,pinnacle,totals,over,37.5,-111,2026-09-27T17:21:18Z,1790529681.817575
2a529c108305ffa049d8b6cfdbaa4d36,2026-09-27T17:03:12Z,WAS,SEA,pinnacle,totals,under,37.5,-109,2026-09-27T17:21:18Z,1790529681.817575
2a529c108305ffa049d8b6cfdbaa4d36,2026-09-27T17:03:12Z,WAS,SEA,espnbet,ml,away,,-160,2026-09-27T17:21:17Z,1790529681.817575
2a529c108305ffa049d8b6cfdbaa4d36,2026-09-27T17:03:12Z,WAS,SEA,espnbet,ml,home,,125,2026-09-27T17:21:17Z,1790529681.817575
2a529c108305ffa049d8b6cfdbaa4d36,2026-09-27T17:03:12Z,WAS,SEA,espnbet,spreads,away,-2.5,-130,2026-09-27T17:21:17Z,1790529681.817575
2a529c108305ffa049d8b6cfdbaa4d36,2026-09-27T17:03:12Z,WAS,SEA,espnbet,spreads,home,2.5,100,2026-09-27T17:21:17Z,1790529681.817575
2a529c108305ffa049d8b6cfdbaa4d36,2026-09-27T17:03:12Z,WAS,SEA,espnbet,totals,over,43.5,-120,2026-09-27T17:21:17Z,1790529681.817575
2a529c108305ffa049d8b6cfdbaa4d36,2026-09-27T17:03:12Z,WAS,SEA,espnbet,totals,under,43.5,-110,2026-09-27T17:21:17Z,1790529681.817575
2a529c108305ffa049d8b6cfdbaa4d36,2026-09-27T17:03:12Z,WAS,SEA,bovada,ml,away,,-170,2026-09-27T17:21:20Z,1790529681.817575
2a529c108305ffa049d8b6cfdbaa4d36,2026-09-27T17:03:12Z,WAS,SEA,bovada,ml,home,,130,2026-09-27T17:21:20Z,1790529681.817575
2a529c108305ffa049d8b6cfdbaa4d36,2026-09-27T17:03:12Z,WAS,SEA,bovada,spreads,away,-3.0,-105,2026-09-27T17:21:20Z,1790529681.817575
2a529c108305ffa049d8b6cfdbaa4d36,2026-09-27T17:03:12Z,WAS,SEA,bovada,spreads,home,3.0,-125,2026-09-27T17:21:20Z,1790529681.817575
2a529c108305ffa049d8b6cfdbaa4d36,2026-09-27T17:03:12Z,WAS,SEA,bovada,totals,over,44.0,-115,2026-09-27T17:21:20Z,1790529681.817575
2a529c108305ffa049d8b6cfdbaa4d36,2026-09-27T17:03:12Z,WAS,SEA,bovada,totals,under,44.0,-115,2026-09-27T17:21:20Z,1790529681.817575
17a730b7d399feeab6a78c30767c29d2,2026-09-27T17:03:23Z,IND,HOU,draftkings,ml,away,,130,2026-09-27T17:21:15Z,1790529681.817575
17a730b7d399feeab6a78c30767c29d2,2026-09-27T17:03:23Z,IND,HOU,draftkings,ml,home,,-171,2026-09-27T17:21:15Z,1790529681.817575
17a730b7d399feeab6a78c30767c29d2,2026-09-27T17:03:23Z,IND,HOU,draftkings,spreads,away,3.5,-130,2026-09-27T17:21:15Z,1790529681.817575
17a730b7d399feeab6a78c30767c29d2,2026-09-27T17:03:23Z,IND,HOU,draftkings,spreads,home,-3.5,-101,2026-09-27T17:21:15Z,1790529681.817575
17a730b7d399feeab6a78c30767c29d2,2026-09-27T17:03:23Z,IND,HOU,draftkings,totals,over,39.5,-123,2026-09-27T17:21:15Z,1790529681.817575
17a730b7d399feeab6a78c30767c29d2,2026-09-27T17:03:23Z,IND,HOU,draftkings,totals,under,39.5,-107,2026-09-27T17:21:15Z,1790529681.817575
17a730b7d399feeab6a78c30767c29d2,2026-09-27T17:03:23Z,IND,HOU,fanduel,ml,away,,136,2026-09-27T17:21:17Z,1790529681.817575
17a730b7d399feeab6a78c30767c29d2,2026-09-27T17:03:23Z,IND,HOU,fanduel,ml,home,,-174,2026-09-27T17:21:17Z,1790529681.817575
17a730b7d399feeab6a78c30767c29d2,2026-09-27T17:03:23Z,IND,HOU,fanduel,spreads,away,3.5,-136,2026-09-27T17:21:17Z,1790529681.817575
17a730b7d399feeab6a78c30767c29d2,2026-09-27T17:03:23Z,IND,HOU,fanduel,spreads,home,-3.5,102,2026-09-27T17:21:17Z,1790529681.817575
17a730b7d399feeab6a78c30767c29d2,2026-09-27T17:03:23Z,IND,HOU,fanduel,totals,over,39.5,-122,2026-09-27T17:21:17Z,1790529681.817575
17a730b7d399feeab6a78c30767c29d2,2026-09-27T17:03:23Z,IND,HOU,fanduel,totals,under,39.5,-108,2026-09-27T17:21:17Z,1790529681.817575
17a730b7d399feeab6a78c30767c29d2,2026-09-27T17:03:23Z,IND,HOU,betrivers,ml,away,,135,2026-09-27T17:21:15Z,1790529681.817575
17a730b7d399feeab6a78c30767c29d2,2026-09-27T17:03:23Z,IND,HOU,betrivers,ml,home,,-175,2026-09-27T17:21:15Z,1790529681.817575
17a730b7d399feeab6a78c30767c29d2,2026-09-27T17:03:23Z,IND,HOU,betrivers,spreads,away,3.5,-122,2026-09-27T17:21:15Z,1790529681.817575
17a730b7d399feeab6a78c30767c29d2,2026-09-27T17:03:23Z,IND,HOU,betrivers,spreads,home,-3.5,-107,2026-09-27T17:21:15Z,1790529681.817575
17a730b7d399feeab6a78c30767c29d2,2026-09-27T17:03:23Z,IND,HOU,betrivers,totals,over,39.5,-113,2026-09-27T17:21:15Z,1790529681.817575
17a730b7d399feeab6a78c30767c29d2,2026-09-27T17:03:23Z,IND,HOU,betrivers,totals,under,39.5,-115,2026-09-27T17:21:15Z,1790529681.817575
17a730b7d399feeab6a78c30767c29d2,2026-09-27T17:03:23Z,IND,HOU,betmgm,spreads,away,3.5,-130,2026-09-27T17:20:59Z,1790529681.817575
17a730b7d399feeab6a78c30767c29d2,2026-09-27T17:03:23Z,IND,HOU,betmgm,spreads,home,-3.5,-105,2026-09-27T17:20:59Z,1790529681.817575
17a730b7d399feeab6a78c30767c29d2,2026-09-27T17:03:23Z,IND,HOU,betmgm,totals,over,39.5,-115,2026-09-27T17:20:59Z,1790529681.817575
17a730b7d399feeab6a78c30767c29d2,2026-09-27T17:03:23Z,IND,HOU,betmgm,totals,under,39.5,-115,2026-09-27T17:20:59Z,1790529681.817575
17a730b7d399feeab6a78c30767c29d2,2026-09-27T17:03:23Z,IND,HOU,espnbet,ml,away,,100,2026-09-27T17:17:10Z,1790529681.817575
17a730b7d399feeab6a78c30767c29d2,2026-09-27T17:03:23Z,IND,HOU,espnbet,ml,home,,-130,2026-09-27T17:17:10Z,1790529681.817575
17a730b7d399feeab6a78c30767c29d2,2026-09-27T17:03:23Z,IND,HOU,espnbet,spreads,away,2.5,-120,2026-09-27T17:17:10Z,1790529681.817575
17a730b7d399feeab6a78c30767c29d2,2026-09-27T17:03:23Z,IND,HOU,espnbet,spreads,home,-2.5,-110,2026-09-27T17:17:10Z,1790529681.817575
17a730b7d399feeab6a78c30767c29d2,2026-09-27T17:03:23Z,IND,HOU,espnbet,totals,over,39.5,-110,2026-09-27T17:17:10Z,1790529681.817575
17a730b7d399feeab6a78c30767c29d2,2026-09-27T17:03:23Z,IND,HOU,espnbet,totals,under,39.5,-120,2026-09-27T17:17:10Z,1790529681.817575
17a730b7d399feeab6a78c30767c29d2,2026-09-27T17:03:23Z,IND,HOU,bovada,ml,away,,125,2026-09-27T17:21:20Z,1790529681.817575
17a730b7d399feeab6a78c30767c29d2,2026-09-27T17:03:23Z,IND,HOU,bovada,ml,home,,-165,2026-09-27T17:21:20Z,1790529681.817575
17a730b7d399feeab6a78c30767c29d2,2026-09-27T17:03:23Z,IND,HOU,bovada,spreads,away,3.0,-125,2026-09-27T17:21:20Z,1790529681.817575
17a730b7d399feeab6a78c30767c29d2,2026-09-27T17:03:23Z,IND,HOU,bovada,spreads,home,-3.0,-105,2026-09-27T17:21:20Z,1790529681.817575
17a730b7d399feeab6a78c30767c29d2,2026-09-27T17:03:23Z,IND,HOU,bovada,totals,over,39.5,-115,2026-09-27T17:21:20Z,1790529681.817575
17a730b7d399feeab6a78c30767c29d2,2026-09-27T17:03:23Z,IND,HOU,bovada,totals,under,39.5,-115,2026-09-27T17:21:20Z,1790529681.817575
17a730b7d399feeab6a78c30767c29d2,2026-09-27T17:03:23Z,IND,HOU,pinnacle,ml,away,,114,2026-09-27T17:21:18Z,1790529681.817575
17a730b7d399feeab6a78c30767c29d2,2026-09-27T17:03:23Z,IND,HOU,pinnacle,ml,home,,-139,2026-09-27T17:21:18Z,1790529681.817575
17a730b7d399feeab6a78c30767c29d2,2026-09-27T17:03:23Z,IND,HOU,pinnacle,spreads,away,1.5,101,2026-09-27T17:21:18Z,1790529681.817575
17a730b7d399feeab6a78c30767c29d2,2026-09-27T17:03:23Z,IND,HOU,pinnacle,spreads,home,-1.5,-123,2026-09-27T17:21:18Z,1790529681.817575
17a730b7d399feeab6a78c30767c29d2,2026-09-27T17:03:23Z,IND,HOU,pinnacle,totals,over,41.5,100,2026-09-27T17:21:18Z,1790529681.817575
17a730b7d399feeab6a78c30767c29d2,2026-09-27T17:03:23Z,IND,HOU,pinnacle,totals,under,41.5,-125,2026-09-27T17:21:18Z,1790529681.817575
9d2b09e0f9b6dd5ce0d985894f4f98fa,2026-09-27T20:05:00Z,SF,ARI,draftkings,ml,away,,310,2026-09-27T17:21:15Z,1790529681.817575
9d2b09e0f9b6dd5ce0d985894f4f98fa,2026-09-27T20:05:00Z,SF,ARI,draftkings,ml,home,,-395,2026-09-27T17:21:15Z,1790529681.817575
9d2b09e0f9b6dd5ce0d985894f4f98fa,2026-09-27T20:05:00Z,SF,ARI,draftkings,spreads,away,7.5,-110,2026-09-27T17:21:15Z,1790529681.817575
9d2b09e0f9b6dd5ce0d985894f4f98fa,2026-09-27T20:05:00Z,SF,ARI,draftkings,spreads,home,-7.5,-110,2026-09-27T17:21:15Z,1790529681.817575
9d2b09e0f9b6dd5ce0d985894f4f98fa,2026-09-27T20:05:00Z,SF,ARI,draftkings,totals,over,48.5,-105,2026-09-27T17:21:15Z,1790529681.817575
9d2b09e0f9b6dd5ce0d985894f4f98fa,2026-09-27T20:05:00Z,SF,ARI,draftkings,totals,under,48.5,-115,2026-09-27T17:21:15Z,1790529681.817575
9d2b09e0f9b6dd5ce0d985894f4f98fa,2026-09-27T20:05:00Z,SF,ARI,fanduel,ml,away,,340,2026-09-27T17:21:17Z,1790529681.817575
9d2b09e0f9b6dd5ce0d985894f4f98fa,2026-09-27T20:05:00Z,SF,ARI,fanduel,ml,home,,-430,2026-09-27T17:21:17Z,1790529681.817575
9d2b09e0f9b6dd5ce0d985894f4f98fa,2026-09-27T20:05:00Z,SF,ARI,fanduel,spreads,away,7.5,-110,2026-09-27T17:21:17Z,1790529681.817575
9d2b09e0f9b6dd5ce0d985894f4f98fa,2026-09-27T20:05:00Z,SF,ARI,fanduel,spreads,home,-7.5,-110,2026-09-27T17:21:17Z,1790529681.817575
9d2b09e0f9b6dd5ce0d985894f4f98fa,2026-09-27T20:05:00Z,SF,ARI,fanduel,totals,over,48.5,-105,2026-09-27T17:21:17Z,1790529681.817575
9d2b09e0f9b6dd5ce0d985894f4f98fa,2026-09-27T20:05:00Z,SF,ARI,fanduel,totals,under,48.5,-115,2026-09-27T17:21:17Z,1790529681.817575
9d2b09e0f9b6dd5ce0d985894f4f98fa,2026-09-27T20:05:00Z,SF,ARI,betrivers,ml,away,,335,2026-09-27T17:21:15Z,1790529681.817575
9d2b09e0f9b6dd5ce0d985894f4f98fa,2026-09-27T20:05:00Z,SF,ARI,betrivers,ml,home,,-455,2026-09-27T17:21:15Z,1790529681.817575
9d2b09e0f9b6dd5ce0d985894f4f98fa,2026-09-27T20:05:00Z,SF,ARI,betrivers,spreads,away,7.5,-107,2026-09-27T17:21:15Z,1790529681.817575
9d2b09e0f9b6dd5ce0d985894f4f98fa,2026-09-27T20:05:00Z,SF,ARI,betrivers,spreads,home,-7.5,-114,2026-09-27T17:21:15Z,1790529681.817575
9d2b09e0f9b6dd5ce0d985894f4f98fa,2026-09-27T20:05:00Z,SF,ARI,betrivers,totals,over,47.5,-113,2026-09-27T17:21:15Z,1790529681.817575
9d2b09e0f9b6dd5ce0d985894f4f98fa,2026-09-27T20:05:00Z,SF,ARI,betrivers,totals,under,47.5,-108,2026-09-27T17:21:15Z,1790529681.817575
9d2b09e0f9b6dd5ce0d985894f4f98fa,2026-09-27T20:05:00Z,SF,ARI,betonlineag,ml,away,,303,2026-09-27T17:20:59Z,1790529681.817575
9d2b09e0f9b6dd5ce0d985894f4f98fa,2026-09-27T20:05:00Z,SF,ARI,betonlineag,ml,home,,-380,2026-09-27T17:20:59Z,1790529681.817575
9d2b09e0f9b6dd5ce0d985894f4f98fa,2026-09-27T20:05:00Z,SF,ARI,betonlineag,spreads,away,7.5,-113,2026-09-27T17:20:59Z,1790529681.817575
9d2b09e0f9b6dd5ce0d985894f4f98fa,2026-09-27T20:05:00Z,SF,ARI,betonlineag,spreads,home,-7.5,-107,2026-09-27T17:20:59Z,1790529681.817575
9d2b09e0f9b6dd5ce0d985894f4f98fa,2026-09-27T20:05:00Z,SF,ARI,betonlineag,totals,over,48.0,-113,2026-09-27T17:20:59Z,1790529681.817575
9d2b09e0f9b6dd5ce0d985894f4f98fa,2026-09-27T20:05:00Z,SF,ARI,betonlineag,totals,under,48.0,-107,2026-09-27T17:20:59Z,1790529681.817575
9d2b09e0f9b6dd5ce0d985894f4f98fa,2026-09-27T20:05:00Z,SF,ARI,betmgm,ml,away,,320,2026-09-27T17:20:59Z,1790529681.817575
9d2b09e0f9b6dd5ce0d985894f4f98fa,2026-09-27T20:05:00Z,SF,ARI,betmgm,ml,home,,-400,2026-09-27T17:20:59Z,1790529681.817575
9d2b09e0f9b6dd5ce0d985894f4f98fa,2026-09-27T20:05:00Z,SF,ARI,betmgm,spreads,away,7.5,-105,2026-09-27T17:20:59Z,1790529681.817575
9d2b09e0f9b6dd5ce0d985894f4f98fa,2026-09-27T20:05:00Z,SF,ARI,betmgm,spreads,home,-7.5,-105,2026-09-27T17:20:59Z,1790529681.817575
9d2b09e0f9b6dd5ce0d985894f4f98fa,2026-09-27T20:05:00Z,SF,ARI,betmgm,totals,over,48.5,-108,2026-09-27T17:20:59Z,1790529681.817575
9d2b09e0f9b6dd5ce0d985894f4f98fa,2026-09-27T20:05:00Z,SF,ARI,betmgm,totals,under,48.5,-110,2026-09-27T17:20:59Z,1790529681.817575
9d2b09e0f9b6dd5ce0d985894f4f98fa,2026-09-27T20:05:00Z,SF,ARI,pinnacle,ml,away,,303,2026-09-27T17:21:18Z,1790529681.817575
9d2b09e0f9b6dd5ce0d985894f4f98fa,2026-09-27T20:05:00Z,SF,ARI,pinnacle,ml,home,,-359,2026-09-27T17:21:18Z,1790529681.817575
9d2b09e0f9b6dd5ce0d985894f4f98fa,2026-09-27T20:05:00Z,SF,ARI,pinnacle,spreads,away,7.5,-105,2026-09-27T17:21:18Z,1790529681.817575
9d2b09e0f9b6dd5ce0d985894f4f98fa,2026-09-27T20:05:00Z,SF,ARI,pinnacle,spreads,home,-7.5,-105,2026-09-27T17:21:18Z,1790529681.817575
9d2b09e0f9b6dd5ce0d985894f4f98fa,2026-09-27T20:05:00Z,SF,ARI,pinnacle,totals,over,48.5,-104,2026-09-27T17:21:18Z,1790529681.817575
9d2b09e0f9b6dd5ce0d985894f4f98fa,2026-09-27T20:05:00Z,SF,ARI,pinnacle,totals,under,48.5,-108,2026-09-27T17:21:18Z,1790529681.817575
9d2b09e0f9b6dd5ce0d985894f4f98fa,2026-09-27T20:05:00Z,SF,ARI,espnbet,ml,away,,290,2026-09-27T17:21:17Z,1790529681.817575
9d2b09e0f9b6dd5ce0d985894f4f98fa,2026-09-27T20:05:00Z,SF,ARI,espnbet,ml,home,,-380,2026-09-27T17:21:17Z,1790529681.817575
9d2b09e0f9b6dd5ce0d985894f4f98fa,2026-09-27T20:05:00Z,SF,ARI,espnbet,spreads,away,7.5,-115,2026-09-27T17:21:17Z,1790529681.817575
9d2b09e0f9b6dd5ce0d985894f4f98fa,2026-09-27T20:05:00Z,SF,ARI,espnbet,spreads,home,-7.5,-105,2026-09-27T17:21:17Z,1790529681.817575
9d2b09e0f9b6dd5ce0d985894f4f98fa,2026-09-27T20:05:00Z,SF,ARI,espnbet,totals,over,48.5,100,2026-09-27T17:21:17Z,1790529681.817575
9d2b09e0f9b6dd5ce0d985894f4f98fa,2026-09-27T20:05:00Z,SF,ARI,espnbet,totals,under,48.5,-120,2026-09-27T17:21:17Z,1790529681.817575
9d2b09e0f9b6dd5ce0d985894f4f98fa,2026-09-27T20:05:00Z,SF,ARI,bovada,ml,away,,290,2026-09-27T17:21:20Z,1790529681.817575
9d2b09e0f9b6dd5ce0d985894f4f98fa,2026-09-27T20:05:00Z,SF,ARI,bovada,ml,home,,-380,2026-09-27T17:21:20Z,1790529681.817575
9d2b09e0f9b6dd5ce0d985894f4f98fa,2026-09-27T20:05:00Z,SF,ARI,bovada,spreads,away,7.5,-110,2026-09-27T17:21:20Z,1790529681.817575
9d2b09e0f9b6dd5ce0d985894f4f98fa,2026-09-27T20:05:00Z,SF,ARI,bovada,spreads,home,-7.5,-110,2026-09-27T17:21:20Z,1790529681.817575
9d2b09e0f9b6dd5ce0d985894f4f98fa,2026-09-27T20:05:00Z,SF,ARI,bovada,totals,over,48.5,-110,2026-09-27T17:21:20Z,1790529681.817575
9d2b09e0f9b6dd5ce0d985894f4f98fa,2026-09-27T20:05:00Z,SF,ARI,bovada,totals,under,48.5,-110,2026-09-27T17:21:20Z,1790529681.817575
f1724dead3eab61546033032fc782375,2026-09-27T20:05:00Z,TB,MIN,draftkings,ml,away,,-120,2026-09-27T17:21:15Z,1790529681.817575
f1724dead3eab61546033032fc782375,2026-09-27T20:05:00Z,TB,MIN,draftkings,ml,home,,100,2026-09-27T17:21:15Z,1790529681.817575
f1724dead3eab61546033032fc782375,2026-09-27T20:05:00Z,TB,MIN,draftkings,spreads,away,-1.5,-105,2026-09-27T17:21:15Z,1790529681.817575
f1724dead3eab61546033032fc782375,2026-09-27T20:05:00Z,TB,MIN,draftkings,spreads,home,1.5,-115,2026-09-27T17:21:15Z,1790529681.817575
f1724dead3eab61546033032fc782375,2026-09-27T20:05:00Z,TB,MIN,draftkings,totals,over,42.5,-105,2026-09-27T17:21:15Z,1790529681.817575
f1724dead3eab61546033032fc782375,2026-09-27T20:05:00Z,TB,MIN,draftkings,totals,under,42.5,-115,2026-09-27T17:21:15Z,1790529681.817575
f1724dead3eab61546033032fc782375,2026-09-27T20:05:00Z,TB,MIN,fanduel,ml,away,,-112,2026-09-27T17:21:17Z,1790529681.817575
f1724dead3eab61546033032fc782375,2026-09-27T20:05:00Z,TB,MIN,fanduel,ml,home,,-104,2026-09-27T17:21:17Z,1790529681.817575
f1724dead3eab61546033032fc782375,2026-09-27T20:05:00Z,TB,MIN,fanduel,spreads,away,-1.5,-104,2026-09-27T17:21:17Z,1790529681.817575
f1724dead3eab61546033032fc782375,2026-09-27T20:05:00Z,TB,MIN,fanduel,spreads,home,1.5,-118,2026-09-27T17:21:17Z,1790529681.817575
f1724dead3eab61546033032fc782375,2026-09-27T20:05:00Z,TB,MIN,fanduel,totals,over,42.5,-115,2026-09-27T17:21:17Z,1790529681.817575
f1724dead3eab61546033032fc782375,2026-09-27T20:05:00Z,TB,MIN,fanduel,totals,under,42.5,-105,2026-09-27T17:21:17Z,1790529681.817575
f1724dead3eab61546033032fc782375,2026-09-27T20:05:00Z,TB,MIN,betrivers,ml,away,,-121,2026-09-27T17:21:15Z,1790529681.817575
f1724dead3eab61546033032fc782375,2026-09-27T20:05:00Z,TB,MIN,betrivers,ml,home,,100,2026-09-27T17:21:15Z,1790529681.817575
f1724dead3eab61546033032fc782375,2026-09-27T20:05:00Z,TB,MIN,betrivers,spreads,away,-1.5,-108,2026-09-27T17:21:15Z,1790529681.817575
f1724dead3eab61546033032fc782375,2026-09-27T20:05:00Z,TB,MIN,betrivers,spreads,home,1.5,-113,2026-09-27T17:21:15Z,1790529681.817575
f1724dead3eab61546033032fc782375,2026-09-27T20:05:00Z,TB,MIN,betrivers,totals,over,42.5,-108,2026-09-27T17:21:15Z,1790529681.817575
f1724dead3eab61546033032fc782375,2026-09-27T20:05:00Z,TB,MIN,betrivers,totals,under,42.5,-113,2026-09-27T17:21:15Z,1790529681.817575
f1724dead3eab61546033032fc782375,2026-09-27T20:05:00Z,TB,MIN,betonlineag,ml,away,,-116,2026-09-27T17:20:59Z,1790529681.817575
f1724dead3eab61546033032fc782375,2026-09-27T20:05:00Z,TB,MIN,betonlineag,ml,home,,-104,2026-09-27T17:20:59Z,1790529681.817575
f1724dead3eab61546033032fc782375,2026-09-27T20:05:00Z,TB,MIN,betonlineag,spreads,away,-1.0,-110,2026-09-27T17:20:59Z,1790529681.817575
f1724dead3eab61546033032fc782375,2026-09-27T20:05:00Z,TB,MIN,betonlineag,spreads,home,1.0,-110,2026-09-27T17:20:59Z,1790529681.817575
f1724dead3eab61546033032fc782375,2026-09-27T20:05:00Z,TB,MIN,betonlineag,totals,over,42.5,-112,2026-09-27T17:20:59Z,1790529681.817575
f1724dead3eab61546033032fc782375,2026-09-27T20:05:00Z,TB,MIN,betonlineag,totals,under,42.5,-108,2026-09-27T17:20:59Z,1790529681.817575
f1724dead3eab61546033032fc782375,2026-09-27T20:05:00Z,TB,MIN,betmgm,ml,away,,-118,2026-09-27T17:20:59Z,1790529681.817575
f1724dead3eab61546033032fc782375,2026-09-27T20:05:00Z,TB,MIN,betmgm,ml,home,,100,2026-09-27T17:20:59Z,1790529681.817575
f1724dead3eab61546033032fc782375,2026-09-27T20:05:00Z,TB,MIN,betmgm,spreads,away,-1.0,-110,2026-09-27T17:20:59Z,1790529681.817575
f1724dead3eab61546033032fc782375,2026-09-27T20:05:00Z,TB,MIN,betmgm,spreads,home,1.0,-108,2026-09-27T17:20:59Z,1790529681.817575
f1724dead3eab61546033032fc782375,2026-09-27T20:05:00Z,TB,MIN,betmgm,totals,over,42.5,-110,2026-09-27T17:20:59Z,1790529681.817575
f1724dead3eab61546033032fc782375,2026-09-27T20:05:00Z,TB,MIN,betmgm,totals,under,42.5,-108,2026-09-27T17:20:59Z,1790529681.817575
f1724dead3eab61546033032fc782375,2026-09-27T20:05:00Z,TB,MIN,espnbet,ml,away,,-115,2026-09-27T17:21:17Z,1790529681.817575
f1724dead3eab61546033032fc782375,2026-09-27T20:05:00Z,TB,MIN,espnbet,ml,home,,-105,2026-09-27T17:21:17Z,1790529681.817575
f1724dead3eab61546033032fc782375,2026-09-27T20:05:00Z,TB,MIN,espnbet,spreads,away,-1.5,100,2026-09-27T17:21:17Z,1790529681.817575
f1724dead3eab61546033032fc782375,2026-09-27T20:05:00Z,TB,MIN,espnbet,spreads,home,1.5,-120,2026-09-27T17:21:17Z,1790529681.817575
f1724dead3eab61546033032fc782375,2026-09-27T20:05:00Z,TB,MIN,espnbet,totals,over,42.5,-110,2026-09-27T17:21:17Z,1790529681.817575
f1724dead3eab61546033032fc782375,2026-09-27T20:05:00Z,TB,MIN,espnbet,totals,under,42.5,-110,2026-09-27T17:21:17Z,1790529681.817575
f1724dead3eab61546033032fc782375,2026-09-27T20:05:00Z,TB,MIN,bovada,ml,away,,-115,2026-09-27T17:21:20Z,1790529681.817575
f1724dead3eab61546033032fc782375,2026-09-27T20:05:00Z,TB,MIN,bovada,ml,home,,-105,2026-09-27T17:21:20Z,1790529681.817575
f1724dead3eab61546033032fc782375,2026-09-27T20:05:00Z,TB,MIN,bovada,spreads,away,-1.0,-110,2026-09-27T17:21:20Z,1790529681.817575
f1724dead3eab61546033032fc782375,2026-09-27T20:05:00Z,TB,MIN,bovada,spreads,home,1.0,-110,2026-09-27T17:21:20Z,1790529681.817575
f1724dead3eab61546033032fc782375,2026-09-27T20:05:00Z,TB,MIN,bovada,totals,over,42.5,-105,2026-09-27T17:21:20Z,1790529681.817575
f1724dead3eab61546033032fc782375,2026-09-27T20:05:00Z,TB,MIN,bovada,totals,under,42.5,-115,2026-09-27T17:21:20Z,1790529681.817575
f1724dead3eab61546033032fc782375,2026-09-27T20:05:00Z,TB,MIN,pinnacle,ml,away,,-111,2026-09-27T17:21:18Z,1790529681.817575
f1724dead3eab61546033032fc782375,2026-09-27T20:05:00Z,TB,MIN,pinnacle,ml,home,,101,2026-09-27T17:21:18Z,1790529681.817575
f1724dead3eab61546033032fc782375,2026-09-27T20:05:00Z,TB,MIN,pinnacle,spreads,away,-1.0,-104,2026-09-27T17:21:18Z,1790529681.817575
f1724dead3eab61546033032fc782375,2026-09-27T20:05:00Z,TB,MIN,pinnacle,spreads,home,1.0,-106,2026-09-27T17:21:18Z,1790529681.817575
f1724dead3eab61546033032fc782375,2026-09-27T20:05:00Z,TB,MIN,pinnacle,totals,over,43.0,104,2026-09-27T17:21:18Z,1790529681.817575
f1724dead3eab61546033032fc782375,2026-09-27T20:05:00Z,TB,MIN,pinnacle,totals,under,43.0,-117,2026-09-27T17:21:18Z,1790529681.817575
84cfca14efc21363fd605508404cf1ff,2026-09-27T20:25:00Z,DAL,BAL,draftkings,ml,away,,-175,2026-09-27T17:21:15Z,1790529681.817575
84cfca14efc21363fd605508404cf1ff,2026-09-27T20:25:00Z,DAL,BAL,draftkings,ml,home,,145,2026-09-27T17:21:15Z,1790529681.817575
84cfca14efc21363fd605508404cf1ff,2026-09-27T20:25:00Z,DAL,BAL,draftkings,spreads,away,-3.5,-105,2026-09-27T17:21:15Z,1790529681.817575
84cfca14efc21363fd605508404cf1ff,2026-09-27T20:25:00Z,DAL,BAL,draftkings,spreads,home,3.5,-115,2026-09-27T17:21:15Z,1790529681.817575
84cfca14efc21363fd605508404cf1ff,2026-09-27T20:25:00Z,DAL,BAL,draftkings,totals,over,53.5,-108,2026-09-27T17:21:15Z,1790529681.817575
84cfca14efc21363fd605508404cf1ff,2026-09-27T20:25:00Z,DAL,BAL,draftkings,totals,under,53.5,-112,2026-09-27T17:21:15Z,1790529681.817575
84cfca14efc21363fd605508404cf1ff,2026-09-27T20:25:00Z,DAL,BAL,fanduel,ml,away,,-176,2026-09-27T17:21:17Z,1790529681.817575
84cfca14efc21363fd605508404cf1ff,2026-09-27T20:25:00Z,DAL,BAL,fanduel,ml,home,,148,2026-09-27T17:21:17Z,1790529681.817575
84cfca14efc21363fd605508404cf1ff,2026-09-27T20:25:00Z,DAL,BAL,fanduel,spreads,away,-3.5,-102,2026-09-27T17:21:17Z,1790529681.817575
84cfca14efc21363fd605508404cf1ff,2026-09-27T20:25:00Z,DAL,BAL,fanduel,spreads,home,3.5,-120,2026-09-27T17:21:17Z,1790529681.817575
84cfca14efc21363fd605508404cf1ff,2026-09-27T20:25:00Z,DAL,BAL,fanduel,totals,over,52.5,-114,2026-09-27T17:21:17Z,1790529681.817575
84cfca14efc21363fd605508404cf1ff,2026-09-27T20:25:00Z,DAL,BAL,fanduel,totals,under,52.5,-106,2026-09-27T17:21:17Z,1790529681.817575
84cfca14efc21363fd605508404cf1ff,2026-09-27T20:25:00Z,DAL,BAL,betmgm,ml,away,,-175,2026-09-27T17:20:59Z,1790529681.817575
84cfca14efc21363fd605508404cf1ff,2026-09-27T20:25:00Z,DAL,BAL,betmgm,ml,home,,145,2026-09-27T17:20:59Z,1790529681.817575
84cfca14efc21363fd605508404cf1ff,2026-09-27T20:25:00Z,DAL,BAL,betmgm,spreads,away,-3.5,100,2026-09-27T17:20:59Z,1790529681.817575
84cfca14efc21363fd605508404cf1ff,2026-09-27T20:25:00Z,DAL,BAL,betmgm,spreads,home,3.5,-110,2026-09-27T17:20:59Z,1790529681.817575
84cfca14efc21363fd605508404cf1ff,2026-09-27T20:25:00Z,DAL,BAL,betmgm,totals,over,53.5,-108,2026-09-27T17:20:59Z,1790529681.817575
84cfca14efc21363fd605508404cf1ff,2026-09-27T20:25:00Z,DAL,BAL,betmgm,totals,under,53.5,-110,2026-09-27T17:20:59Z,1790529681.817575
84cfca14efc21363fd605508404cf1ff,2026-09-27T20:25:00Z,DAL,BAL,espnbet,ml,away,,-185,2026-09-27T17:21:17Z,1790529681.817575
84cfca14efc21363fd605508404cf1ff,2026-09-27T20:25:00Z,DAL,BAL,espnbet,ml,home,,155,2026-09-27T17:21:17Z,1790529681.817575
84cfca14efc21363fd605508404cf1ff,2026-09-27T20:25:00Z,DAL,BAL,espnbet,spreads,away,-3.5,-105,2026-09-27T17:21:17Z,1790529681.817575
84cfca14efc21363fd605508404cf1ff,2026-09-27T20:25:00Z,DAL,BAL,espnbet,spreads,home,3.5,-115,2026-09-27T17:21:17Z,1790529681.817575
84cfca14efc21363fd605508404cf1ff,2026-09-27T20:25:00Z,DAL,BAL,espnbet,totals,over,53.5,-105,2026-09-27T17:21:17Z,1790529681.817575
84cfca14efc21363fd605508404cf1ff,2026-09-27T20:25:00Z,DAL,BAL,espnbet,totals,under,53.5,-115,2026-09-27T17:21:17Z,1790529681.817575
84cfca14efc21363fd605508404cf1ff,2026-09-27T20:25:00Z,DAL,BAL,bovada,ml,away,,-180,2026-09-27T17:21:20Z,1790529681.817575
84cfca14efc21363fd605508404cf1ff,2026-09-27T20:25:00Z,DAL,BAL,bovada,ml,home,,155,2026-09-27T17:21:20Z,1790529681.817575
84cfca14efc21363fd605508404cf1ff,2026-09-27T20:25:00Z,DAL,BAL,bovada,spreads,away,-3.5,100,2026-09-27T17:21:20Z,1790529681.817575
84cfca14efc21363fd605508404cf1ff,2026-09-27T20:25:00Z,DAL,BAL,bovada,spreads,home,3.5,-120,2026-09-27T17:21:20Z,1790529681.817575
84cfca14efc21363fd605508404cf1ff,2026-09-27T20:25:00Z,DAL,BAL,bovada,totals,over,53.0,-115,2026-09-27T17:21:20Z,1790529681.817575
84cfca14efc21363fd605508404cf1ff,2026-09-27T20:25:00Z,DAL,BAL,bovada,totals,under,53.0,-105,2026-09-27T17:21:20Z,1790529681.817575
84cfca14efc21363fd605508404cf1ff,2026-09-27T20:25:00Z,DAL,BAL,betrivers,ml,away,,-175,2026-09-27T17:21:15Z,1790529681.817575
84cfca14efc21363fd605508404cf1ff,2026-09-27T20:25:00Z,DAL,BAL,betrivers,ml,home,,140,2026-09-27T17:21:15Z,1790529681.817575
84cfca14efc21363fd605508404cf1ff,2026-09-27T20:25:00Z,DAL,BAL,betrivers,spreads,away,-3.5,-104,2026-09-27T17:21:15Z,1790529681.817575
84cfca14efc21363fd605508404cf1ff,2026-09-27T20:25:00Z,DAL,BAL,betrivers,spreads,home,3.5,-118,2026-09-27T17:21:15Z,1790529681.817575
84cfca14efc21363fd605508404cf1ff,2026-09-27T20:25:00Z,DAL,BAL,betrivers,totals,over,53.0,-108,2026-09-27T17:21:15Z,1790529681.817575
84cfca14efc21363fd605508404cf1ff,2026-09-27T20:25:00Z,DAL,BAL,betrivers,totals,under,53.0,-113,2026-09-27T17:21:15Z,1790529681.817575
84cfca14efc21363fd605508404cf1ff,2026-09-27T20:25:00Z,DAL,BAL,betonlineag,ml,away,,-175,2026-09-27T17:20:59Z,1790529681.817575
84cfca14efc21363fd605508404cf1ff,2026-09-27T20:25:00Z,DAL,BAL,betonlineag,ml,home,,153,2026-09-27T17:20:59Z,1790529681.817575
84cfca14efc21363fd605508404cf1ff,2026-09-27T20:25:00Z,DAL,BAL,betonlineag,spreads,away,-3.0,-120,2026-09-27T17:20:59Z,1790529681.817575
84cfca14efc21363fd605508404cf1ff,2026-09-27T20:25:00Z,DAL,BAL,betonlineag,spreads,home,3.0,100,2026-09-27T17:20:59Z,1790529681.817575
84cfca14efc21363fd605508404cf1ff,2026-09-27T20:25:00Z,DAL,BAL,betonlineag,totals,over,53.5,-110,2026-09-27T17:20:59Z,1790529681.817575
84cfca14efc21363fd605508404cf1ff,2026-09-27T20:25:00Z,DAL,BAL,betonlineag,totals,under,53.5,-110,2026-09-27T17:20:59Z,1790529681.817575
84cfca14efc21363fd605508404cf1ff,2026-09-27T20:25:00Z,DAL,BAL,pinnacle,ml,away,,-173,2026-09-27T17:21:18Z,1790529681.817575
84cfca14efc21363fd605508404cf1ff,2026-09-27T20:25:00Z,DAL,BAL,pinnacle,ml,home,,155,2026-09-27T17:21:18Z,1790529681.817575
84cfca14efc21363fd605508404cf1ff,2026-09-27T20:25:00Z,DAL,BAL,pinnacle,spreads,away,-3.5,105,2026-09-27T17:21:18Z,1790529681.817575
84cfca14efc21363fd605508404cf1ff,2026-09-27T20:25:00Z,DAL,BAL,pinnacle,spreads,home,3.5,-116,2026-09-27T17:21:18Z,1790529681.817575
84cfca14efc21363fd605508404cf1ff,2026-09-27T20:25:00Z,DAL,BAL,pinnacle,totals,over,53.0,-110,2026-09-27T17:21:18Z,1790529681.817575
84cfca14efc21363fd605508404cf1ff,2026-09-27T20:25:00Z,DAL,BAL,pinnacle,totals,under,53.0,-102,2026-09-27T17:21:18Z,1790529681.817575
2e523fcb0497aa689473e290eb2b97de,2026-09-27T20:25:00Z,NO,LV,draftkings,ml,away,,154,2026-09-27T17:21:15Z,1790529681.817575
2e523fcb0497aa689473e290eb2b97de,2026-09-27T20:25:00Z,NO,LV,draftkings,ml,home,,-185,2026-09-27T17:21:15Z,1790529681.817575
2e523fcb0497aa689473e290eb2b97de,2026-09-27T20:25:00Z,NO,LV,draftkings,spreads,away,3.5,-118,2026-09-27T17:21:15Z,1790529681.817575
2e523fcb0497aa689473e290eb2b97de,2026-09-27T20:25:00Z,NO,LV,draftkings,spreads,home,-3.5,-102,2026-09-27T17:21:15Z,1790529681.817575
2e523fcb0497aa689473e290eb2b97de,2026-09-27T20:25:00Z,NO,LV,draftkings,totals,over,43.5,-118,2026-09-27T17:21:15Z,1790529681.817575
2e523fcb0497aa689473e290eb2b97de,2026-09-27T20:25:00Z,NO,LV,draftkings,totals,under,43.5,-102,2026-09-27T17:21:15Z,1790529681.817575
2e523fcb0497aa689473e290eb2b97de,2026-09-27T20:25:00Z,NO,LV,fanduel,ml,away,,152,2026-09-27T17:21:17Z,1790529681.817575
2e523fcb0497aa689473e290eb2b97de,2026-09-27T20:25:00Z,NO,LV,fanduel,ml,home,,-180,2026-09-27T17:21:17Z,1790529681.817575
2e523fcb0497aa689473e290eb2b97de,2026-09-27T20:25:00Z,NO,LV,fanduel,spreads,away,3.5,-118,2026-09-27T17:21:17Z,1790529681.817575
2e523fcb0497aa689473e290eb2b97de,2026-09-27T20:25:00Z,NO,LV,fanduel,spreads,home,-3.5,-104,2026-09-27T17:21:17Z,1790529681.817575
2e523fcb0497aa689473e290eb2b97de,2026-09-27T20:25:00Z,NO,LV,fanduel,totals,over,43.5,-115,2026-09-27T17:21:17Z,1790529681.817575
2e523fcb0497aa689473e290eb2b97de,2026-09-27T20:25:00Z,NO,LV,fanduel,totals,under,43.5,-105,2026-09-27T17:21:17Z,1790529681.817575
2e523fcb0497aa689473e290eb2b97de,2026-09-27T20:25:00Z,NO,LV,betrivers,ml,away,,145,2026-09-27T17:21:15Z,1790529681.817575
2e523fcb0497aa689473e290eb2b97de,2026-09-27T20:25:00Z,NO,LV,betrivers,ml,home,,-177,2026-09-27T17:21:15Z,1790529681.817575
2e523fcb0497aa689473e290eb2b97de,2026-09-27T20:25:00Z,NO,LV,betrivers,spreads,away,3.0,-104,2026-09-27T17:21:15Z,1790529681.817575
2e523fcb0497aa689473e290eb2b97de,2026-09-27T20:25:00Z,NO,LV,betrivers,spreads,home,-3.0,-118,2026-09-27T17:21:15Z,1790529681.817575
2e523fcb0497aa689473e290eb2b97de,2026-09-27T20:25:00Z,NO,LV,betrivers,totals,over,44.0,-109,2026-09-27T17:21:15Z,1790529681.817575
2e523fcb0497aa689473e290eb2b97de,2026-09-27T20:25:00Z,NO,LV,betrivers,totals,under,44.0,-112,2026-09-27T17:21:15Z,1790529681.817575
2e523fcb0497aa689473e290eb2b97de,2026-09-27T20:25:00Z,NO,LV,betonlineag,ml,away,,160,2026-09-27T17:20:59Z,1790529681.817575
2e523fcb0497aa689473e290eb2b97de,2026-09-27T20:25:00Z,NO,LV,betonlineag,ml,home,,-183,2026-09-27T17:20:59Z,1790529681.817575
2e523fcb0497aa689473e290eb2b97de,2026-09-27T20:25:00Z,NO,LV,betonlineag,spreads,away,3.5,-115,2026-09-27T17:20:59Z,1790529681.817575
2e523fcb0497aa689473e290eb2b97de,2026-09-27T20:25:00Z,NO,LV,betonlineag,spreads,home,-3.5,-105,2026-09-27T17:20:59Z,1790529681.817575
2e523fcb0497aa689473e290eb2b97de,2026-09-27T20:25:00Z,NO,LV,betonlineag,totals,over,43.5,-112,2026-09-27T17:20:59Z,1790529681.817575
2e523fcb0497aa689473e290eb2b97de,2026-09-27T20:25:00Z,NO,LV,betonlineag,totals,under,43.5,-108,2026-09-27T17:20:59Z,1790529681.817575
2e523fcb0497aa689473e290eb2b97de,2026-09-27T20:25:00Z,NO,LV,betmgm,ml,away,,155,2026-09-27T17:20:59Z,1790529681.817575
2e523fcb0497aa689473e290eb2b97de,2026-09-27T20:25:00Z,NO,LV,betmgm,ml,home,,-190,2026-09-27T17:20:59Z,1790529681.817575
2e523fcb0497aa689473e290eb2b97de,2026-09-27T20:25:00Z,NO,LV,betmgm,spreads,away,3.5,-118,2026-09-27T17:20:59Z,1790529681.817575
2e523fcb0497aa689473e290eb2b97de,2026-09-27T20:25:00Z,NO,LV,betmgm,spreads,home,-3.5,-102,2026-09-27T17:20:59Z,1790529681.817575
2e523fcb0497aa689473e290eb2b97de,2026-09-27T20:25:00Z,NO,LV,betmgm,totals,over,44.0,-105,2026-09-27T17:20:59Z,1790529681.817575
2e523fcb0497aa689473e290eb2b97de,2026-09-27T20:25:00Z,NO,LV,betmgm,totals,under,44.0,-112,2026-09-27T17:20:59Z,1790529681.817575
2e523fcb0497aa689473e290eb2b97de,2026-09-27T20:25:00Z,NO,LV,pinnacle,ml,away,,159,2026-09-27T17:21:18Z,1790529681.817575
2e523fcb0497aa689473e290eb2b97de,2026-09-27T20:25:00Z,NO,LV,pinnacle,ml,home,,-177,2026-09-27T17:21:18Z,1790529681.817575
2e523fcb0497aa689473e290eb2b97de,2026-09-27T20:25:00Z,NO,LV,pinnacle,spreads,away,3.5,-113,2026-09-27T17:21:18Z,1790529681.817575
2e523fcb0497aa689473e290eb2b97de,2026-09-27T20:25:00Z,NO,LV,pinnacle,spreads,home,-3.5,103,2026-09-27T17:21:18Z,1790529681.817575
2e523fcb0497aa689473e290eb2b97de,2026-09-27T20:25:00Z,NO,LV,pinnacle,totals,over,44.0,-102,2026-09-27T17:21:18Z,1790529681.817575
2e523fcb0497aa689473e290eb2b97de,2026-09-27T20:25:00Z,NO,LV,pinnacle,totals,under,44.0,-111,2026-09-27T17:21:18Z,1790529681.817575
2e523fcb0497aa689473e290eb2b97de,2026-09-27T20:25:00Z,NO,LV,espnbet,ml,away,,150,2026-09-27T17:21:17Z,1790529681.817575
2e523fcb0497aa689473e290eb2b97de,2026-09-27T20:25:00Z,NO,LV,espnbet,ml,home,,-175,2026-09-27T17:21:17Z,1790529681.817575
2e523fcb0497aa689473e290eb2b97de,2026-09-27T20:25:00Z,NO,LV,espnbet,spreads,away,3.5,-120,2026-09-27T17:21:17Z,1790529681.817575
2e523fcb0497aa689473e290eb2b97de,2026-09-27T20:25:00Z,NO,LV,espnbet,spreads,home,-3.5,100,2026-09-27T17:21:17Z,1790529681.817575
2e523fcb0497aa689473e290eb2b97de,2026-09-27T20:25:00Z,NO,LV,espnbet,totals,over,43.5,-110,2026-09-27T17:21:17Z,1790529681.817575
2e523fcb0497aa689473e290eb2b97de,2026-09-27T20:25:00Z,NO,LV,espnbet,totals,under,43.5,-110,2026-09-27T17:21:17Z,1790529681.817575
2e523fcb0497aa689473e290eb2b97de,2026-09-27T20:25:00Z,NO,LV,bovada,ml,away,,155,2026-09-27T17:21:20Z,1790529681.817575
2e523fcb0497aa689473e290eb2b97de,2026-09-27T20:25:00Z,NO,LV,bovada,ml,home,,-180,2026-09-27T17:21:20Z,1790529681.817575
2e523fcb0497aa689473e290eb2b97de,2026-09-27T20:25:00Z,NO,LV,bovada,spreads,away,3.5,-120,2026-09-27T17:21:20Z,1790529681.817575
2e523fcb0497aa689473e290eb2b97de,2026-09-27T20:25:00Z,NO,LV,bovada,spreads,home,-3.5,100,2026-09-27T17:21:20Z,1790529681.817575
2e523fcb0497aa689473e290eb2b97de,2026-09-27T20:25:00Z,NO,LV,bovada,totals,over,43.5,-115,2026-09-27T17:21:20Z,1790529681.817575
2e523fcb0497aa689473e290eb2b97de,2026-09-27T20:25:00Z,NO,LV,bovada,totals,under,43.5,-105,2026-09-27T17:21:20Z,1790529681.817575
3bfd8bfb4b8e9a365a0877879b73b16b,2026-09-28T00:20:00Z,DEN,LA,draftkings,ml,home,,110,2026-09-27T17:21:15Z,1790529681.817575
3bfd8bfb4b8e9a365a0877879b73b16b,2026-09-28T00:20:00Z,DEN,LA,draftkings,ml,away,,-130,2026-09-27T17:21:15Z,1790529681.817575
3bfd8bfb4b8e9a365a0877879b73b16b,2026-09-28T00:20:00Z,DEN,LA,draftkings,spreads,home,1.5,-108,2026-09-27T17:21:15Z,1790529681.817575
3bfd8bfb4b8e9a365a0877879b73b16b,2026-09-28T00:20:00Z,DEN,LA,draftkings,spreads,away,-1.5,-112,2026-09-27T17:21:15Z,1790529681.817575
3bfd8bfb4b8e9a365a0877879b73b16b,2026-09-28T00:20:00Z,DEN,LA,draftkings,totals,over,44.5,-102,2026-09-27T17:21:15Z,1790529681.817575
3bfd8bfb4b8e9a365a0877879b73b16b,2026-09-28T00:20:00Z,DEN,LA,draftkings,totals,under,44.5,-118,2026-09-27T17:21:15Z,1790529681.817575
3bfd8bfb4b8e9a365a0877879b73b16b,2026-09-28T00:20:00Z,DEN,LA,fanduel,ml,home,,108,2026-09-27T17:21:17Z,1790529681.817575
3bfd8bfb4b8e9a365a0877879b73b16b,2026-09-28T00:20:00Z,DEN,LA,fanduel,ml,away,,-126,2026-09-27T17:21:17Z,1790529681.817575
3bfd8bfb4b8e9a365a0877879b73b16b,2026-09-28T00:20:00Z,DEN,LA,fanduel,spreads,home,2.5,-118,2026-09-27T17:21:17Z,1790529681.817575
3bfd8bfb4b8e9a365a0877879b73b16b,2026-09-28T00:20:00Z,DEN,LA,fanduel,spreads,away,-2.5,-104,2026-09-27T17:21:17Z,1790529681.817575
3bfd8bfb4b8e9a365a0877879b73b16b,2026-09-28T00:20:00Z,DEN,LA,fanduel,totals,over,44.5,-105,2026-09-27T17:21:17Z,1790529681.817575
3bfd8bfb4b8e9a365a0877879b73b16b,2026-09-28T00:20:00Z,DEN,LA,fanduel,totals,under,44.5,-115,2026-09-27T17:21:17Z,1790529681.817575
3bfd8bfb4b8e9a365a0877879b73b16b,2026-09-28T00:20:00Z,DEN,LA,betrivers,ml,home,,107,2026-09-27T17:21:15Z,1790529681.817575
3bfd8bfb4b8e9a365a0877879b73b16b,2026-09-28T00:20:00Z,DEN,LA,betrivers,ml,away,,-129,2026-09-27T17:21:15Z,1790529681.817575
3bfd8bfb4b8e9a365a0877879b73b16b,2026-09-28T00:20:00Z,DEN,LA,betrivers,spreads,home,2.0,-112,2026-09-27T17:21:15Z,1790529681.817575
3bfd8bfb4b8e9a365a0877879b73b16b,2026-09-28T00:20:00Z,DEN,LA,betrivers,spreads,away,-2.0,-109,2026-09-27T17:21:15Z,1790529681.817575
3bfd8bfb4b8e9a365a0877879b73b16b,2026-09-28T00:20:00Z,DEN,LA,betrivers,totals,over,44.0,-114,2026-09-27T17:21:15Z,1790529681.817575
3bfd8bfb4b8e9a365a0877879b73b16b,2026-09-28T00:20:00Z,DEN,LA,betrivers,totals,under,44.0,-107,2026-09-27T17:21:15Z,1790529681.817575
3bfd8bfb4b8e9a365a0877879b73b16b,2026-09-28T00:20:00Z,DEN,LA,betonlineag,ml,home,,105,2026-09-27T17:20:59Z,1790529681.817575
3bfd8bfb4b8e9a365a0877879b73b16b,2026-09-28T00:20:00Z,DEN,LA,betonlineag,ml,away,,-125,2026-09-27T17:20:59Z,1790529681.817575
3bfd8bfb4b8e9a365a0877879b73b16b,2026-09-28T00:20:00Z,DEN,LA,betonlineag,spreads,home,1.0,100,2026-09-27T17:20:59Z,1790529681.817575
3bfd8bfb4b8e9a365a0877879b73b16b,2026-09-28T00:20:00Z,DEN,LA,betonlineag,spreads,away,-1.0,-120,2026-09-27T17:20:59Z,1790529681.817575
3bfd8bfb4b8e9a365a0877879b73b16b,2026-09-28T00:20:00Z,DEN,LA,betonlineag,totals,over,44.0,-110,2026-09-27T17:20:59Z,1790529681.817575
3bfd8bfb4b8e9a365a0877879b73b16b,2026-09-28T00:20:00Z,DEN,LA,betonlineag,totals,under,44.0,-110,2026-09-27T17:20:59Z,1790529681.817575
3bfd8bfb4b8e9a365a0877879b73b16b,2026-09-28T00:20:00Z,DEN,LA,betmgm,ml,home,,105,2026-09-27T17:20:59Z,1790529681.817575
3bfd8bfb4b8e9a365a0877879b73b16b,2026-09-28T00:20:00Z,DEN,LA,betmgm,ml,away,,-125,2026-09-27T17:20:59Z,1790529681.817575
3bfd8bfb4b8e9a365a0877879b73b16b,2026-09-28T00:20:00Z,DEN,LA,betmgm,spreads,home,1.5,-108,2026-09-27T17:20:59Z,1790529681.817575
3bfd8bfb4b8e9a365a0877879b73b16b,2026-09-28T00:20:00Z,DEN,LA,betmgm,spreads,away,-1.5,-110,2026-09-27T17:20:59Z,1790529681.817575
3bfd8bfb4b8e9a365a0877879b73b16b,2026-09-28T00:20:00Z,DEN,LA,betmgm,totals,over,44.0,-110,2026-09-27T17:20:59Z,1790529681.817575
3bfd8bfb4b8e9a365a0877879b73b16b,2026-09-28T00:20:00Z,DEN,LA,betmgm,totals,under,44.0,-108,2026-09-27T17:20:59Z,1790529681.817575
3bfd8bfb4b8e9a365a0877879b73b16b,2026-09-28T00:20:00Z,DEN,LA,espnbet,ml,home,,110,2026-09-27T17:21:17Z,1790529681.817575
3bfd8bfb4b8e9a365a0877879b73b16b,2026-09-28T00:20:00Z,DEN,LA,espnbet,ml,away,,-130,2026-09-27T17:21:17Z,1790529681.817575
3bfd8bfb4b8e9a365a0877879b73b16b,2026-09-28T00:20:00Z,DEN,LA,espnbet,spreads,home,1.5,-110,2026-09-27T17:21:17Z,1790529681.817575
3bfd8bfb4b8e9a365a0877879b73b16b,2026-09-28T00:20:00Z,DEN,LA,espnbet,spreads,away,-1.5,-110,2026-09-27T17:21:17Z,1790529681.817575
3bfd8bfb4b8e9a365a0877879b73b16b,2026-09-28T00:20:00Z,DEN,LA,espnbet,totals,over,43.5,-120,2026-09-27T17:21:17Z,1790529681.817575
3bfd8bfb4b8e9a365a0877879b73b16b,2026-09-28T00:20:00Z,DEN,LA,espnbet,totals,under,43.5,100,2026-09-27T17:21:17Z,1790529681.817575
3bfd8bfb4b8e9a365a0877879b73b16b,2026-09-28T00:20:00Z,DEN,LA,bovada,ml,home,,110,2026-09-27T17:21:20Z,1790529681.817575
3bfd8bfb4b8e9a365a0877879b73b16b,2026-09-28T00:20:00Z,DEN,LA,bovada,ml,away,,-130,2026-09-27T17:21:20Z,1790529681.817575
3bfd8bfb4b8e9a365a0877879b73b16b,2026-09-28T00:20:00Z,DEN,LA,bovada,spreads,home,2.0,-110,2026-09-27T17:21:20Z,1790529681.817575
3bfd8bfb4b8e9a365a0877879b73b16b,2026-09-28T00:20:00Z,DEN,LA,bovada,spreads,away,-2.0,-110,2026-09-27T17:21:20Z,1790529681.817575
3bfd8bfb4b8e9a365a0877879b73b16b,2026-09-28T00:20:00Z,DEN,LA,bovada,totals,over,44.0,-110,2026-09-27T17:21:20Z,1790529681.817575
3bfd8bfb4b8e9a365a0877879b73b16b,2026-09-28T00:20:00Z,DEN,LA,bovada,totals,under,44.0,-110,2026-09-27T17:21:20Z,1790529681.817575
3bfd8bfb4b8e9a365a0877879b73b16b,2026-09-28T00:20:00Z,DEN,LA,pinnacle,ml,home,,113,2026-09-27T17:21:18Z,1790529681.817575
3bfd8bfb4b8e9a365a0877879b73b16b,2026-09-28T00:20:00Z,DEN,LA,pinnacle,ml,away,,-124,2026-09-27T17:21:18Z,1790529681.817575
3bfd8bfb4b8e9a365a0877879b73b16b,2026-09-28T00:20:00Z,DEN,LA,pinnacle,spreads,home,1.5,100,2026-09-27T17:21:18Z,1790529681.817575
3bfd8bfb4b8e9a365a0877879b73b16b,2026-09-28T00:20:00Z,DEN,LA,pinnacle,spreads,away,-1.5,-110,2026-09-27T17:21:18Z,1790529681.817575
3bfd8bfb4b8e9a365a0877879b73b16b,2026-09-28T00:20:00Z,DEN,LA,pinnacle,totals,over,44.0,-106,2026-09-27T17:21:18Z,1790529681.817575
3bfd8bfb4b8e9a365a0877879b73b16b,2026-09-28T00:20:00Z,DEN,LA,pinnacle,totals,under,44.0,-106,2026-09-27T17:21:18Z,1790529681.817575
47dc7baa254659f3beb2ed2b38c207b6,2026-09-29T00:15:00Z,CHI,PHI,draftkings,ml,home,,180,2026-09-27T17:21:15Z,1790529681.817575
47dc7baa254659f3beb2ed2b38c207b6,2026-09-29T00:15:00Z,CHI,PHI,draftkings,ml,away,,-218,2026-09-27T17:21:15Z,1790529681.817575
47dc7baa254659f3beb2ed2b38c207b6,2026-09-29T00:15:00Z,CHI,PHI,draftkings,spreads,home,4.5,-110,2026-09-27T17:21:15Z,1790529681.817575
47dc7baa254659f3beb2ed2b38c207b6,2026-09-29T00:15:00Z,CHI,PHI,draftkings,spreads,away,-4.5,-110,2026-09-27T17:21:15Z,1790529681.817575
47dc7baa254659f3beb2ed2b38c207b6,2026-09-29T00:15:00Z,CHI,PHI,draftkings,totals,over,41.5,-105,2026-09-27T17:21:15Z,1790529681.817575
47dc7baa254659f3beb2ed2b38c207b6,2026-09-29T00:15:00Z,CHI,PHI,draftkings,totals,under,41.5,-115,2026-09-27T17:21:15Z,1790529681.817575
47dc7baa254659f3beb2ed2b38c207b6,2026-09-29T00:15:00Z,CHI,PHI,fanduel,ml,home,,180,2026-09-27T17:21:17Z,1790529681.817575
47dc7baa254659f3beb2ed2b38c207b6,2026-09-29T00:15:00Z,CHI,PHI,fanduel,ml,away,,-215,2026-09-27T17:21:17Z,1790529681.817575
47dc7baa254659f3beb2ed2b38c207b6,2026-09-29T00:15:00Z,CHI,PHI,fanduel,spreads,home,4.5,-110,2026-09-27T17:21:17Z,1790529681.817575
47dc7baa254659f3beb2ed2b38c207b6,2026-09-29T00:15:00Z,CHI,PHI,fanduel,spreads,away,-4.5,-110,2026-09-27T17:21:17Z,1790529681.817575
47dc7baa254659f3beb2ed2b38c207b6,2026-09-29T00:15:00Z,CHI,PHI,fanduel,totals,over,41.5,-110,2026-09-27T17:21:17Z,1790529681.817575
47dc7baa254659f3beb2ed2b38c207b6,2026-09-29T00:15:00Z,CHI,PHI,fanduel,totals,under,41.5,-110,2026-09-27T17:21:17Z,1790529681.817575
47dc7baa254659f3beb2ed2b38c207b6,2026-09-29T00:15:00Z,CHI,PHI,betrivers,ml,home,,155,2026-09-27T17:21:15Z,1790529681.817575
47dc7baa254659f3beb2ed2b38c207b6,2026-09-29T00:15:00Z,CHI,PHI,betrivers,ml,away,,-190,2026-09-27T17:21:15Z,1790529681.817575
47dc7baa254659f3beb2ed2b38c207b6,2026-09-29T00:15:00Z,CHI,PHI,betrivers,spreads,home,3.5,-110,2026-09-27T17:21:15Z,1790529681.817575
47dc7baa254659f3beb2ed2b38c207b6,2026-09-29T00:15:00Z,CHI,PHI,betrivers,spreads,away,-3.5,-110,2026-09-27T17:21:15Z,1790529681.817575
47dc7baa254659f3beb2ed2b38c207b6,2026-09-29T00:15:00Z,CHI,PHI,betrivers,totals,over,42.0,-109,2026-09-27T17:21:15Z,1790529681.817575
47dc7baa254659f3beb2ed2b38c207b6,2026-09-29T00:15:00Z,CHI,PHI,betrivers,totals,under,42.0,-112,2026-09-27T17:21:15Z,1790529681.817575
47dc7baa254659f3beb2ed2b38c207b6,2026-09-29T00:15:00Z,CHI,PHI,betonlineag,ml,home,,170,2026-09-27T17:20:59Z,1790529681.817575
47dc7baa254659f3beb2ed2b38c207b6,2026-09-29T00:15:00Z,CHI,PHI,betonlineag,ml,away,,-195,2026-09-27T17:20:59Z,1790529681.817575
47dc7baa254659f3beb2ed2b38c207b6,2026-09-29T00:15:00Z,CHI,PHI,betonlineag,spreads,home,3.5,-105,2026-09-27T17:20:59Z,1790529681.817575
47dc7baa254659f3beb2ed2b38c207b6,2026-09-29T00:15:00Z,CHI,PHI,betonlineag,spreads,away,-3.5,-115,2026-09-27T17:20:59Z,1790529681.817575
47dc7baa254659f3beb2ed2b38c207b6,2026-09-29T00:15:00Z,CHI,PHI,betonlineag,totals,over,41.5,-105,2026-09-27T17:20:59Z,1790529681.817575
47dc7baa254659f3beb2ed2b38c207b6,2026-09-29T00:15:00Z,CHI,PHI,betonlineag,totals,under,41.5,-115,2026-09-27T17:20:59Z,1790529681.817575
47dc7baa254659f3beb2ed2b38c207b6,2026-09-29T00:15:00Z,CHI,PHI,betmgm,ml,home,,170,2026-09-27T17:20:59Z,1790529681.817575
47dc7baa254659f3beb2ed2b38c207b6,2026-09-29T00:15:00Z,CHI,PHI,betmgm,ml,away,,-210,2026-09-27T17:20:59Z,1790529681.817575
47dc7baa254659f3beb2ed2b38c207b6,2026-09-29T00:15:00Z,CHI,PHI,betmgm,spreads,home,4.0,-108,2026-09-27T17:20:59Z,1790529681.817575
47dc7baa254659f3beb2ed2b38c207b6,2026-09-29T00:15:00Z,CHI,PHI,betmgm,spreads,away,-4.0,-110,2026-09-27T17:20:59Z,1790529681.817575
47dc7baa254659f3beb2ed2b38c207b6,2026-09-29T00:15:00Z,CHI,PHI,betmgm,totals,over,41.5,-108,2026-09-27T17:20:59Z,1790529681.817575
47dc7baa254659f3beb2ed2b38c207b6,2026-09-29T00:15:00Z,CHI,PHI,betmgm,totals,under,41.5,-110,2026-09-27T17:20:59Z,1790529681.817575
47dc7baa254659f3beb2ed2b38c207b6,2026-09-29T00:15:00Z,CHI,PHI,espnbet,ml,home,,180,2026-09-27T17:21:17Z,1790529681.817575
47dc7baa254659f3beb2ed2b38c207b6,2026-09-29T00:15:00Z,CHI,PHI,espnbet,ml,away,,-215,2026-09-27T17:21:17Z,1790529681.817575
47dc7baa254659f3beb2ed2b38c207b6,2026-09-29T00:15:00Z,CHI,PHI,espnbet,spreads,home,4.5,-110,2026-09-27T17:21:17Z,1790529681.817575
47dc7baa254659f3beb2ed2b38c207b6,2026-09-29T00:15:00Z,CHI,PHI,espnbet,spreads,away,-4.5,-110,2026-09-27T17:21:17Z,1790529681.817575
47dc7baa254659f3beb2ed2b38c207b6,2026-09-29T00:15:00Z,CHI,PHI,espnbet,totals,over,41.5,-110,2026-09-27T17:21:17Z,1790529681.817575
47dc7baa254659f3beb2ed2b38c207b6,2026-09-29T00:15:00Z,CHI,PHI,espnbet,totals,under,41.5,-110,2026-09-27T17:21:17Z,1790529681.817575
47dc7baa254659f3beb2ed2b38c207b6,2026-09-29T00:15:00Z,CHI,PHI,bovada,ml,home,,170,2026-09-27T17:21:20Z,1790529681.817575
47dc7baa254659f3beb2ed2b38c207b6,2026-09-29T00:15:00Z,CHI,PHI,bovada,ml,away,,-200,2026-09-27T17:21:20Z,1790529681.817575
47dc7baa254659f3beb2ed2b38c207b6,2026-09-29T00:15:00Z,CHI,PHI,bovada,spreads,home,3.5,-105,2026-09-27T17:21:20Z,1790529681.817575
47dc7baa254659f3beb2ed2b38c207b6,2026-09-29T00:15:00Z,CHI,PHI,bovada,spreads,away,-3.5,-115,2026-09-27T17:21:20Z,1790529681.817575
47dc7baa254659f3beb2ed2b38c207b6,2026-09-29T00:15:00Z,CHI,PHI,bovada,totals,over,41.5,-110,2026-09-27T17:21:20Z,1790529681.817575
47dc7baa254659f3beb2ed2b38c207b6,2026-09-29T00:15:00Z,CHI,PHI,bovada,totals,under,41.5,-110,2026-09-27T17:21:20Z,1790529681.817575
47dc7baa254659f3beb2ed2b38c207b6,2026-09-29T00:15:00Z,CHI,PHI,pinnacle,ml,home,,173,2026-09-27T17:21:17Z,1790529681.817575
47dc7baa254659f3beb2ed2b38c207b6,2026-09-29T00:15:00Z,CHI,PHI,pinnacle,ml,away,,-194,2026-09-27T17:21:17Z,1790529681.817575
47dc7baa254659f3beb2ed2b38c207b6,2026-09-29T00:15:00Z,CHI,PHI,pinnacle,spreads,home,3.5,-104,2026-09-27T17:21:17Z,1790529681.817575
47dc7baa254659f3beb2ed2b38c207b6,2026-09-29T00:15:00Z,CHI,PHI,pinnacle,spreads,away,-3.5,-106,2026-09-27T17:21:17Z,1790529681.817575
47dc7baa254659f3beb2ed2b38c207b6,2026-09-29T00:15:00Z,CHI,PHI,pinnacle,totals,over,41.5,-105,2026-09-27T17:21:17Z,1790529681.817575
47dc7baa254659f3beb2ed2b38c207b6,2026-09-29T00:15:00Z,CHI,PHI,pinnacle,totals,under,41.5,-107,2026-09-27T17:21:17Z,1790529681.817575
